timestamp,entity_id,metric,value
2026-01-08T00:00:00,/login,latency_p95_ms,62.022
2026-01-08T00:00:00,/search,latency_p95_ms,86.791
2026-01-08T00:00:00,/checkout,latency_p95_ms,107.284
2026-01-08T00:05:00,/login,latency_p95_ms,68.790
2026-01-08T00:05:00,/search,latency_p95_ms,87.154
2026-01-08T00:05:00,/checkout,latency_p95_ms,96.196
2026-01-08T00:10:00,/login,latency_p95_ms,65.833
2026-01-08T00:10:00,/search,latency_p95_ms,86.036
2026-01-08T00:10:00,/checkout,latency_p95_ms,106.439
2026-01-08T00:15:00,/login,latency_p95_ms,64.102
2026-01-08T00:15:00,/search,latency_p95_ms,90.033
2026-01-08T00:15:00,/checkout,latency_p95_ms,117.483
2026-01-08T00:20:00,/login,latency_p95_ms,68.428
2026-01-08T00:20:00,/search,latency_p95_ms,89.059
2026-01-08T00:20:00,/checkout,latency_p95_ms,102.268
2026-01-08T00:25:00,/login,latency_p95_ms,55.057
2026-01-08T00:25:00,/search,latency_p95_ms,90.145
2026-01-08T00:25:00,/checkout,latency_p95_ms,118.663
2026-01-08T00:30:00,/login,latency_p95_ms,63.508
2026-01-08T00:30:00,/search,latency_p95_ms,87.324
2026-01-08T00:30:00,/checkout,latency_p95_ms,112.429
2026-01-08T00:35:00,/login,latency_p95_ms,51.546
2026-01-08T00:35:00,/search,latency_p95_ms,85.676
2026-01-08T00:35:00,/checkout,latency_p95_ms,112.097
2026-01-08T00:40:00,/login,latency_p95_ms,70.162
2026-01-08T00:40:00,/search,latency_p95_ms,86.250
2026-01-08T00:40:00,/checkout,latency_p95_ms,111.187
2026-01-08T00:45:00,/login,latency_p95_ms,65.160
2026-01-08T00:45:00,/search,latency_p95_ms,94.433
2026-01-08T00:45:00,/checkout,latency_p95_ms,99.269
2026-01-08T00:50:00,/login,latency_p95_ms,67.721
2026-01-08T00:50:00,/search,latency_p95_ms,76.058
2026-01-08T00:50:00,/checkout,latency_p95_ms,87.215
2026-01-08T00:55:00,/login,latency_p95_ms,58.319
2026-01-08T00:55:00,/search,latency_p95_ms,80.848
2026-01-08T00:55:00,/checkout,latency_p95_ms,115.183
2026-01-08T01:00:00,/login,latency_p95_ms,65.803
2026-01-08T01:00:00,/search,latency_p95_ms,75.737
2026-01-08T01:00:00,/checkout,latency_p95_ms,112.268
2026-01-08T01:05:00,/login,latency_p95_ms,52.472
2026-01-08T01:05:00,/search,latency_p95_ms,84.799
2026-01-08T01:05:00,/checkout,latency_p95_ms,103.138
2026-01-08T01:10:00,/login,latency_p95_ms,61.405
2026-01-08T01:10:00,/search,latency_p95_ms,92.038
2026-01-08T01:10:00,/checkout,latency_p95_ms,110.597
2026-01-08T01:15:00,/login,latency_p95_ms,63.288
2026-01-08T01:15:00,/search,latency_p95_ms,90.689
2026-01-08T01:15:00,/checkout,latency_p95_ms,109.317
2026-01-08T01:20:00,/login,latency_p95_ms,55.473
2026-01-08T01:20:00,/search,latency_p95_ms,79.750
2026-01-08T01:20:00,/checkout,latency_p95_ms,101.730
2026-01-08T01:25:00,/login,latency_p95_ms,64.484
2026-01-08T01:25:00,/search,latency_p95_ms,83.488
2026-01-08T01:25:00,/checkout,latency_p95_ms,124.175
2026-01-08T01:30:00,/login,latency_p95_ms,53.935
2026-01-08T01:30:00,/search,latency_p95_ms,76.698
2026-01-08T01:30:00,/checkout,latency_p95_ms,111.637
2026-01-08T01:35:00,/login,latency_p95_ms,71.864
2026-01-08T01:35:00,/search,latency_p95_ms,89.535
2026-01-08T01:35:00,/checkout,latency_p95_ms,112.176
2026-01-08T01:40:00,/login,latency_p95_ms,71.900
2026-01-08T01:40:00,/search,latency_p95_ms,84.737
2026-01-08T01:40:00,/checkout,latency_p95_ms,94.106
2026-01-08T01:45:00,/login,latency_p95_ms,56.233
2026-01-08T01:45:00,/search,latency_p95_ms,93.112
2026-01-08T01:45:00,/checkout,latency_p95_ms,93.940
2026-01-08T01:50:00,/login,latency_p95_ms,60.758
2026-01-08T01:50:00,/search,latency_p95_ms,87.515
2026-01-08T01:50:00,/checkout,latency_p95_ms,102.965
2026-01-08T01:55:00,/login,latency_p95_ms,66.278
2026-01-08T01:55:00,/search,latency_p95_ms,90.136
2026-01-08T01:55:00,/checkout,latency_p95_ms,124.061
2026-01-08T02:00:00,/login,latency_p95_ms,65.116
2026-01-08T02:00:00,/search,latency_p95_ms,80.281
2026-01-08T02:00:00,/checkout,latency_p95_ms,100.661
2026-01-08T02:05:00,/login,latency_p95_ms,53.503
2026-01-08T02:05:00,/search,latency_p95_ms,92.774
2026-01-08T02:05:00,/checkout,latency_p95_ms,100.621
2026-01-08T02:10:00,/login,latency_p95_ms,59.594
2026-01-08T02:10:00,/search,latency_p95_ms,91.150
2026-01-08T02:10:00,/checkout,latency_p95_ms,99.368
2026-01-08T02:15:00,/login,latency_p95_ms,57.807
2026-01-08T02:15:00,/search,latency_p95_ms,70.426
2026-01-08T02:15:00,/checkout,latency_p95_ms,96.496
2026-01-08T02:20:00,/login,latency_p95_ms,55.614
2026-01-08T02:20:00,/search,latency_p95_ms,88.482
2026-01-08T02:20:00,/checkout,latency_p95_ms,114.704
2026-01-08T02:25:00,/login,latency_p95_ms,60.008
2026-01-08T02:25:00,/search,latency_p95_ms,87.247
2026-01-08T02:25:00,/checkout,latency_p95_ms,106.500
2026-01-08T02:30:00,/login,latency_p95_ms,68.834
2026-01-08T02:30:00,/search,latency_p95_ms,92.303
2026-01-08T02:30:00,/checkout,latency_p95_ms,107.345
2026-01-08T02:35:00,/login,latency_p95_ms,52.068
2026-01-08T02:35:00,/search,latency_p95_ms,92.383
2026-01-08T02:35:00,/checkout,latency_p95_ms,108.204
2026-01-08T02:40:00,/login,latency_p95_ms,69.971
2026-01-08T02:40:00,/search,latency_p95_ms,84.917
2026-01-08T02:40:00,/checkout,latency_p95_ms,120.781
2026-01-08T02:45:00,/login,latency_p95_ms,57.285
2026-01-08T02:45:00,/search,latency_p95_ms,97.900
2026-01-08T02:45:00,/checkout,latency_p95_ms,106.077
2026-01-08T02:50:00,/login,latency_p95_ms,56.026
2026-01-08T02:50:00,/search,latency_p95_ms,76.128
2026-01-08T02:50:00,/checkout,latency_p95_ms,103.948
2026-01-08T02:55:00,/login,latency_p95_ms,71.542
2026-01-08T02:55:00,/search,latency_p95_ms,91.687
2026-01-08T02:55:00,/checkout,latency_p95_ms,110.667
2026-01-08T03:00:00,/login,latency_p95_ms,43.190
2026-01-08T03:00:00,/search,latency_p95_ms,92.885
2026-01-08T03:00:00,/checkout,latency_p95_ms,111.644
2026-01-08T03:05:00,/login,latency_p95_ms,57.798
2026-01-08T03:05:00,/search,latency_p95_ms,82.178
2026-01-08T03:05:00,/checkout,latency_p95_ms,107.178
2026-01-08T03:10:00,/login,latency_p95_ms,75.996
2026-01-08T03:10:00,/search,latency_p95_ms,78.756
2026-01-08T03:10:00,/checkout,latency_p95_ms,103.774
2026-01-08T03:15:00,/login,latency_p95_ms,73.091
2026-01-08T03:15:00,/search,latency_p95_ms,83.628
2026-01-08T03:15:00,/checkout,latency_p95_ms,104.283
2026-01-08T03:20:00,/login,latency_p95_ms,62.979
2026-01-08T03:20:00,/search,latency_p95_ms,77.267
2026-01-08T03:20:00,/checkout,latency_p95_ms,108.956
2026-01-08T03:25:00,/login,latency_p95_ms,52.520
2026-01-08T03:25:00,/search,latency_p95_ms,94.279
2026-01-08T03:25:00,/checkout,latency_p95_ms,107.222
2026-01-08T03:30:00,/login,latency_p95_ms,80.464
2026-01-08T03:30:00,/search,latency_p95_ms,89.444
2026-01-08T03:30:00,/checkout,latency_p95_ms,118.122
2026-01-08T03:35:00,/login,latency_p95_ms,51.771
2026-01-08T03:35:00,/search,latency_p95_ms,86.220
2026-01-08T03:35:00,/checkout,latency_p95_ms,109.782
2026-01-08T03:40:00,/login,latency_p95_ms,76.163
2026-01-08T03:40:00,/search,latency_p95_ms,73.750
2026-01-08T03:40:00,/checkout,latency_p95_ms,115.122
2026-01-08T03:45:00,/login,latency_p95_ms,66.928
2026-01-08T03:45:00,/search,latency_p95_ms,99.465
2026-01-08T03:45:00,/checkout,latency_p95_ms,112.896
2026-01-08T03:50:00,/login,latency_p95_ms,62.613
2026-01-08T03:50:00,/search,latency_p95_ms,83.024
2026-01-08T03:50:00,/checkout,latency_p95_ms,97.211
2026-01-08T03:55:00,/login,latency_p95_ms,63.760
2026-01-08T03:55:00,/search,latency_p95_ms,85.663
2026-01-08T03:55:00,/checkout,latency_p95_ms,123.359
2026-01-08T04:00:00,/login,latency_p95_ms,61.585
2026-01-08T04:00:00,/search,latency_p95_ms,94.037
2026-01-08T04:00:00,/checkout,latency_p95_ms,98.922
2026-01-08T04:05:00,/login,latency_p95_ms,63.310
2026-01-08T04:05:00,/search,latency_p95_ms,93.563
2026-01-08T04:05:00,/checkout,latency_p95_ms,118.065
2026-01-08T04:10:00,/login,latency_p95_ms,78.058
2026-01-08T04:10:00,/search,latency_p95_ms,91.120
2026-01-08T04:10:00,/checkout,latency_p95_ms,102.536
2026-01-08T04:15:00,/login,latency_p95_ms,70.136
2026-01-08T04:15:00,/search,latency_p95_ms,95.609
2026-01-08T04:15:00,/checkout,latency_p95_ms,115.407
2026-01-08T04:20:00,/login,latency_p95_ms,60.871
2026-01-08T04:20:00,/search,latency_p95_ms,100.541
2026-01-08T04:20:00,/checkout,latency_p95_ms,112.177
2026-01-08T04:25:00,/login,latency_p95_ms,72.072
2026-01-08T04:25:00,/search,latency_p95_ms,101.666
2026-01-08T04:25:00,/checkout,latency_p95_ms,116.348
2026-01-08T04:30:00,/login,latency_p95_ms,68.766
2026-01-08T04:30:00,/search,latency_p95_ms,108.696
2026-01-08T04:30:00,/checkout,latency_p95_ms,113.423
2026-01-08T04:35:00,/login,latency_p95_ms,64.106
2026-01-08T04:35:00,/search,latency_p95_ms,92.369
2026-01-08T04:35:00,/checkout,latency_p95_ms,123.336
2026-01-08T04:40:00,/login,latency_p95_ms,67.423
2026-01-08T04:40:00,/search,latency_p95_ms,95.629
2026-01-08T04:40:00,/checkout,latency_p95_ms,121.039
2026-01-08T04:45:00,/login,latency_p95_ms,62.371
2026-01-08T04:45:00,/search,latency_p95_ms,77.661
2026-01-08T04:45:00,/checkout,latency_p95_ms,113.869
2026-01-08T04:50:00,/login,latency_p95_ms,68.311
2026-01-08T04:50:00,/search,latency_p95_ms,86.609
2026-01-08T04:50:00,/checkout,latency_p95_ms,118.442
2026-01-08T04:55:00,/login,latency_p95_ms,71.334
2026-01-08T04:55:00,/search,latency_p95_ms,83.514
2026-01-08T04:55:00,/checkout,latency_p95_ms,115.619
2026-01-08T05:00:00,/login,latency_p95_ms,71.125
2026-01-08T05:00:00,/search,latency_p95_ms,85.830
2026-01-08T05:00:00,/checkout,latency_p95_ms,121.318
2026-01-08T05:05:00,/login,latency_p95_ms,72.332
2026-01-08T05:05:00,/search,latency_p95_ms,91.732
2026-01-08T05:05:00,/checkout,latency_p95_ms,121.878
2026-01-08T05:10:00,/login,latency_p95_ms,76.599
2026-01-08T05:10:00,/search,latency_p95_ms,93.074
2026-01-08T05:10:00,/checkout,latency_p95_ms,120.897
2026-01-08T05:15:00,/login,latency_p95_ms,80.815
2026-01-08T05:15:00,/search,latency_p95_ms,91.993
2026-01-08T05:15:00,/checkout,latency_p95_ms,120.741
2026-01-08T05:20:00,/login,latency_p95_ms,72.716
2026-01-08T05:20:00,/search,latency_p95_ms,115.822
2026-01-08T05:20:00,/checkout,latency_p95_ms,102.796
2026-01-08T05:25:00,/login,latency_p95_ms,78.256
2026-01-08T05:25:00,/search,latency_p95_ms,95.244
2026-01-08T05:25:00,/checkout,latency_p95_ms,116.893
2026-01-08T05:30:00,/login,latency_p95_ms,87.907
2026-01-08T05:30:00,/search,latency_p95_ms,97.626
2026-01-08T05:30:00,/checkout,latency_p95_ms,135.622
2026-01-08T05:35:00,/login,latency_p95_ms,69.157
2026-01-08T05:35:00,/search,latency_p95_ms,100.498
2026-01-08T05:35:00,/checkout,latency_p95_ms,113.767
2026-01-08T05:40:00,/login,latency_p95_ms,67.169
2026-01-08T05:40:00,/search,latency_p95_ms,98.194
2026-01-08T05:40:00,/checkout,latency_p95_ms,115.434
2026-01-08T05:45:00,/login,latency_p95_ms,74.314
2026-01-08T05:45:00,/search,latency_p95_ms,80.854
2026-01-08T05:45:00,/checkout,latency_p95_ms,133.714
2026-01-08T05:50:00,/login,latency_p95_ms,71.358
2026-01-08T05:50:00,/search,latency_p95_ms,111.637
2026-01-08T05:50:00,/checkout,latency_p95_ms,109.637
2026-01-08T05:55:00,/login,latency_p95_ms,75.034
2026-01-08T05:55:00,/search,latency_p95_ms,123.014
2026-01-08T05:55:00,/checkout,latency_p95_ms,110.736
2026-01-08T06:00:00,/login,latency_p95_ms,68.472
2026-01-08T06:00:00,/search,latency_p95_ms,101.063
2026-01-08T06:00:00,/checkout,latency_p95_ms,129.215
2026-01-08T06:05:00,/login,latency_p95_ms,85.982
2026-01-08T06:05:00,/search,latency_p95_ms,115.758
2026-01-08T06:05:00,/checkout,latency_p95_ms,123.379
2026-01-08T06:10:00,/login,latency_p95_ms,67.617
2026-01-08T06:10:00,/search,latency_p95_ms,101.955
2026-01-08T06:10:00,/checkout,latency_p95_ms,135.357
2026-01-08T06:15:00,/login,latency_p95_ms,84.160
2026-01-08T06:15:00,/search,latency_p95_ms,89.779
2026-01-08T06:15:00,/checkout,latency_p95_ms,125.154
2026-01-08T06:20:00,/login,latency_p95_ms,91.620
2026-01-08T06:20:00,/search,latency_p95_ms,122.447
2026-01-08T06:20:00,/checkout,latency_p95_ms,129.928
2026-01-08T06:25:00,/login,latency_p95_ms,82.909
2026-01-08T06:25:00,/search,latency_p95_ms,95.513
2026-01-08T06:25:00,/checkout,latency_p95_ms,118.689
2026-01-08T06:30:00,/login,latency_p95_ms,80.810
2026-01-08T06:30:00,/search,latency_p95_ms,109.460
2026-01-08T06:30:00,/checkout,latency_p95_ms,130.076
2026-01-08T06:35:00,/login,latency_p95_ms,76.609
2026-01-08T06:35:00,/search,latency_p95_ms,96.219
2026-01-08T06:35:00,/checkout,latency_p95_ms,119.213
2026-01-08T06:40:00,/login,latency_p95_ms,71.179
2026-01-08T06:40:00,/search,latency_p95_ms,110.582
2026-01-08T06:40:00,/checkout,latency_p95_ms,106.937
2026-01-08T06:45:00,/login,latency_p95_ms,77.769
2026-01-08T06:45:00,/search,latency_p95_ms,109.034
2026-01-08T06:45:00,/checkout,latency_p95_ms,137.611
2026-01-08T06:50:00,/login,latency_p95_ms,81.005
2026-01-08T06:50:00,/search,latency_p95_ms,113.445
2026-01-08T06:50:00,/checkout,latency_p95_ms,122.243
2026-01-08T06:55:00,/login,latency_p95_ms,74.480
2026-01-08T06:55:00,/search,latency_p95_ms,100.040
2026-01-08T06:55:00,/checkout,latency_p95_ms,137.654
2026-01-08T07:00:00,/login,latency_p95_ms,97.122
2026-01-08T07:00:00,/search,latency_p95_ms,118.067
2026-01-08T07:00:00,/checkout,latency_p95_ms,160.810
2026-01-08T07:05:00,/login,latency_p95_ms,88.909
2026-01-08T07:05:00,/search,latency_p95_ms,119.131
2026-01-08T07:05:00,/checkout,latency_p95_ms,136.629
2026-01-08T07:10:00,/login,latency_p95_ms,87.393
2026-01-08T07:10:00,/search,latency_p95_ms,132.698
2026-01-08T07:10:00,/checkout,latency_p95_ms,146.221
2026-01-08T07:15:00,/login,latency_p95_ms,77.972
2026-01-08T07:15:00,/search,latency_p95_ms,110.969
2026-01-08T07:15:00,/checkout,latency_p95_ms,137.595
2026-01-08T07:20:00,/login,latency_p95_ms,95.434
2026-01-08T07:20:00,/search,latency_p95_ms,103.381
2026-01-08T07:20:00,/checkout,latency_p95_ms,116.124
2026-01-08T07:25:00,/login,latency_p95_ms,73.917
2026-01-08T07:25:00,/search,latency_p95_ms,113.599
2026-01-08T07:25:00,/checkout,latency_p95_ms,133.343
2026-01-08T07:30:00,/login,latency_p95_ms,91.930
2026-01-08T07:30:00,/search,latency_p95_ms,108.011
2026-01-08T07:30:00,/checkout,latency_p95_ms,124.374
2026-01-08T07:35:00,/login,latency_p95_ms,72.984
2026-01-08T07:35:00,/search,latency_p95_ms,116.802
2026-01-08T07:35:00,/checkout,latency_p95_ms,137.129
2026-01-08T07:40:00,/login,latency_p95_ms,97.112
2026-01-08T07:40:00,/search,latency_p95_ms,120.495
2026-01-08T07:40:00,/checkout,latency_p95_ms,132.642
2026-01-08T07:45:00,/login,latency_p95_ms,99.962
2026-01-08T07:45:00,/search,latency_p95_ms,113.077
2026-01-08T07:45:00,/checkout,latency_p95_ms,128.881
2026-01-08T07:50:00,/login,latency_p95_ms,85.004
2026-01-08T07:50:00,/search,latency_p95_ms,109.490
2026-01-08T07:50:00,/checkout,latency_p95_ms,116.842
2026-01-08T07:55:00,/login,latency_p95_ms,90.419
2026-01-08T07:55:00,/search,latency_p95_ms,116.167
2026-01-08T07:55:00,/checkout,latency_p95_ms,131.270
2026-01-08T08:00:00,/login,latency_p95_ms,92.588
2026-01-08T08:00:00,/search,latency_p95_ms,126.273
2026-01-08T08:00:00,/checkout,latency_p95_ms,157.034
2026-01-08T08:05:00,/login,latency_p95_ms,98.605
2026-01-08T08:05:00,/search,latency_p95_ms,119.238
2026-01-08T08:05:00,/checkout,latency_p95_ms,138.567
2026-01-08T08:10:00,/login,latency_p95_ms,97.741
2026-01-08T08:10:00,/search,latency_p95_ms,113.181
2026-01-08T08:10:00,/checkout,latency_p95_ms,142.297
2026-01-08T08:15:00,/login,latency_p95_ms,98.788
2026-01-08T08:15:00,/search,latency_p95_ms,138.056
2026-01-08T08:15:00,/checkout,latency_p95_ms,150.847
2026-01-08T08:20:00,/login,latency_p95_ms,106.571
2026-01-08T08:20:00,/search,latency_p95_ms,117.595
2026-01-08T08:20:00,/checkout,latency_p95_ms,148.658
2026-01-08T08:25:00,/login,latency_p95_ms,89.184
2026-01-08T08:25:00,/search,latency_p95_ms,125.795
2026-01-08T08:25:00,/checkout,latency_p95_ms,146.649
2026-01-08T08:30:00,/login,latency_p95_ms,92.168
2026-01-08T08:30:00,/search,latency_p95_ms,139.294
2026-01-08T08:30:00,/checkout,latency_p95_ms,147.838
2026-01-08T08:35:00,/login,latency_p95_ms,83.077
2026-01-08T08:35:00,/search,latency_p95_ms,127.722
2026-01-08T08:35:00,/checkout,latency_p95_ms,140.040
2026-01-08T08:40:00,/login,latency_p95_ms,98.310
2026-01-08T08:40:00,/search,latency_p95_ms,127.025
2026-01-08T08:40:00,/checkout,latency_p95_ms,146.423
2026-01-08T08:45:00,/login,latency_p95_ms,81.986
2026-01-08T08:45:00,/search,latency_p95_ms,114.032
2026-01-08T08:45:00,/checkout,latency_p95_ms,149.480
2026-01-08T08:50:00,/login,latency_p95_ms,108.709
2026-01-08T08:50:00,/search,latency_p95_ms,138.524
2026-01-08T08:50:00,/checkout,latency_p95_ms,157.724
2026-01-08T08:55:00,/login,latency_p95_ms,81.855
2026-01-08T08:55:00,/search,latency_p95_ms,129.455
2026-01-08T08:55:00,/checkout,latency_p95_ms,127.969
2026-01-08T09:00:00,/login,latency_p95_ms,120.114
2026-01-08T09:00:00,/search,latency_p95_ms,134.232
2026-01-08T09:00:00,/checkout,latency_p95_ms,143.076
2026-01-08T09:05:00,/login,latency_p95_ms,123.284
2026-01-08T09:05:00,/search,latency_p95_ms,137.357
2026-01-08T09:05:00,/checkout,latency_p95_ms,137.076
2026-01-08T09:10:00,/login,latency_p95_ms,109.553
2026-01-08T09:10:00,/search,latency_p95_ms,126.356
2026-01-08T09:10:00,/checkout,latency_p95_ms,153.095
2026-01-08T09:15:00,/login,latency_p95_ms,103.483
2026-01-08T09:15:00,/search,latency_p95_ms,143.193
2026-01-08T09:15:00,/checkout,latency_p95_ms,140.819
2026-01-08T09:20:00,/login,latency_p95_ms,109.744
2026-01-08T09:20:00,/search,latency_p95_ms,146.718
2026-01-08T09:20:00,/checkout,latency_p95_ms,145.589
2026-01-08T09:25:00,/login,latency_p95_ms,108.890
2026-01-08T09:25:00,/search,latency_p95_ms,133.821
2026-01-08T09:25:00,/checkout,latency_p95_ms,146.687
2026-01-08T09:30:00,/login,latency_p95_ms,112.388
2026-01-08T09:30:00,/search,latency_p95_ms,132.981
2026-01-08T09:30:00,/checkout,latency_p95_ms,144.655
2026-01-08T09:35:00,/login,latency_p95_ms,121.301
2026-01-08T09:35:00,/search,latency_p95_ms,138.538
2026-01-08T09:35:00,/checkout,latency_p95_ms,150.868
2026-01-08T09:40:00,/login,latency_p95_ms,102.111
2026-01-08T09:40:00,/search,latency_p95_ms,125.930
2026-01-08T09:40:00,/checkout,latency_p95_ms,162.052
2026-01-08T09:45:00,/login,latency_p95_ms,106.033
2026-01-08T09:45:00,/search,latency_p95_ms,135.880
2026-01-08T09:45:00,/checkout,latency_p95_ms,150.729
2026-01-08T09:50:00,/login,latency_p95_ms,112.136
2026-01-08T09:50:00,/search,latency_p95_ms,131.277
2026-01-08T09:50:00,/checkout,latency_p95_ms,158.316
2026-01-08T09:55:00,/login,latency_p95_ms,105.739
2026-01-08T09:55:00,/search,latency_p95_ms,138.842
2026-01-08T09:55:00,/checkout,latency_p95_ms,157.584
2026-01-08T10:00:00,/login,latency_p95_ms,114.346
2026-01-08T10:00:00,/search,latency_p95_ms,133.401
2026-01-08T10:00:00,/checkout,latency_p95_ms,152.758
2026-01-08T10:05:00,/login,latency_p95_ms,109.353
2026-01-08T10:05:00,/search,latency_p95_ms,132.403
2026-01-08T10:05:00,/checkout,latency_p95_ms,167.205
2026-01-08T10:10:00,/login,latency_p95_ms,114.906
2026-01-08T10:10:00,/search,latency_p95_ms,152.840
2026-01-08T10:10:00,/checkout,latency_p95_ms,178.514
2026-01-08T10:15:00,/login,latency_p95_ms,115.473
2026-01-08T10:15:00,/search,latency_p95_ms,127.895
2026-01-08T10:15:00,/checkout,latency_p95_ms,157.227
2026-01-08T10:20:00,/login,latency_p95_ms,114.676
2026-01-08T10:20:00,/search,latency_p95_ms,128.372
2026-01-08T10:20:00,/checkout,latency_p95_ms,158.275
2026-01-08T10:25:00,/login,latency_p95_ms,117.575
2026-01-08T10:25:00,/search,latency_p95_ms,136.604
2026-01-08T10:25:00,/checkout,latency_p95_ms,154.132
2026-01-08T10:30:00,/login,latency_p95_ms,109.209
2026-01-08T10:30:00,/search,latency_p95_ms,154.573
2026-01-08T10:30:00,/checkout,latency_p95_ms,159.002
2026-01-08T10:35:00,/login,latency_p95_ms,108.640
2026-01-08T10:35:00,/search,latency_p95_ms,137.296
2026-01-08T10:35:00,/checkout,latency_p95_ms,167.914
2026-01-08T10:40:00,/login,latency_p95_ms,109.802
2026-01-08T10:40:00,/search,latency_p95_ms,144.134
2026-01-08T10:40:00,/checkout,latency_p95_ms,166.102
2026-01-08T10:45:00,/login,latency_p95_ms,121.272
2026-01-08T10:45:00,/search,latency_p95_ms,151.477
2026-01-08T10:45:00,/checkout,latency_p95_ms,155.875
2026-01-08T10:50:00,/login,latency_p95_ms,124.341
2026-01-08T10:50:00,/search,latency_p95_ms,133.936
2026-01-08T10:50:00,/checkout,latency_p95_ms,157.107
2026-01-08T10:55:00,/login,latency_p95_ms,124.848
2026-01-08T10:55:00,/search,latency_p95_ms,146.858
2026-01-08T10:55:00,/checkout,latency_p95_ms,160.296
2026-01-08T11:00:00,/login,latency_p95_ms,112.440
2026-01-08T11:00:00,/search,latency_p95_ms,151.465
2026-01-08T11:00:00,/checkout,latency_p95_ms,161.928
2026-01-08T11:05:00,/login,latency_p95_ms,114.580
2026-01-08T11:05:00,/search,latency_p95_ms,141.786
2026-01-08T11:05:00,/checkout,latency_p95_ms,168.943
2026-01-08T11:10:00,/login,latency_p95_ms,105.003
2026-01-08T11:10:00,/search,latency_p95_ms,149.857
2026-01-08T11:10:00,/checkout,latency_p95_ms,168.363
2026-01-08T11:15:00,/login,latency_p95_ms,117.295
2026-01-08T11:15:00,/search,latency_p95_ms,155.267
2026-01-08T11:15:00,/checkout,latency_p95_ms,171.863
2026-01-08T11:20:00,/login,latency_p95_ms,117.121
2026-01-08T11:20:00,/search,latency_p95_ms,141.611
2026-01-08T11:20:00,/checkout,latency_p95_ms,172.532
2026-01-08T11:25:00,/login,latency_p95_ms,109.843
2026-01-08T11:25:00,/search,latency_p95_ms,144.310
2026-01-08T11:25:00,/checkout,latency_p95_ms,161.923
2026-01-08T11:30:00,/login,latency_p95_ms,122.530
2026-01-08T11:30:00,/search,latency_p95_ms,148.660
2026-01-08T11:30:00,/checkout,latency_p95_ms,167.266
2026-01-08T11:35:00,/login,latency_p95_ms,131.050
2026-01-08T11:35:00,/search,latency_p95_ms,148.796
2026-01-08T11:35:00,/checkout,latency_p95_ms,164.451
2026-01-08T11:40:00,/login,latency_p95_ms,112.284
2026-01-08T11:40:00,/search,latency_p95_ms,152.746
2026-01-08T11:40:00,/checkout,latency_p95_ms,171.196
2026-01-08T11:45:00,/login,latency_p95_ms,133.578
2026-01-08T11:45:00,/search,latency_p95_ms,140.992
2026-01-08T11:45:00,/checkout,latency_p95_ms,167.183
2026-01-08T11:50:00,/login,latency_p95_ms,121.502
2026-01-08T11:50:00,/search,latency_p95_ms,146.270
2026-01-08T11:50:00,/checkout,latency_p95_ms,167.054
2026-01-08T11:55:00,/login,latency_p95_ms,108.255
2026-01-08T11:55:00,/search,latency_p95_ms,153.571
2026-01-08T11:55:00,/checkout,latency_p95_ms,172.197
2026-01-08T12:00:00,/login,latency_p95_ms,135.869
2026-01-08T12:00:00,/search,latency_p95_ms,169.822
2026-01-08T12:00:00,/checkout,latency_p95_ms,169.274
2026-01-08T12:05:00,/login,latency_p95_ms,126.536
2026-01-08T12:05:00,/search,latency_p95_ms,151.904
2026-01-08T12:05:00,/checkout,latency_p95_ms,187.363
2026-01-08T12:10:00,/login,latency_p95_ms,112.976
2026-01-08T12:10:00,/search,latency_p95_ms,155.712
2026-01-08T12:10:00,/checkout,latency_p95_ms,160.059
2026-01-08T12:15:00,/login,latency_p95_ms,106.173
2026-01-08T12:15:00,/search,latency_p95_ms,135.659
2026-01-08T12:15:00,/checkout,latency_p95_ms,160.771
2026-01-08T12:20:00,/login,latency_p95_ms,135.378
2026-01-08T12:20:00,/search,latency_p95_ms,144.879
2026-01-08T12:20:00,/checkout,latency_p95_ms,170.006
2026-01-08T12:25:00,/login,latency_p95_ms,117.517
2026-01-08T12:25:00,/search,latency_p95_ms,156.713
2026-01-08T12:25:00,/checkout,latency_p95_ms,163.010
2026-01-08T12:30:00,/login,latency_p95_ms,137.367
2026-01-08T12:30:00,/search,latency_p95_ms,143.881
2026-01-08T12:30:00,/checkout,latency_p95_ms,165.707
2026-01-08T12:35:00,/login,latency_p95_ms,127.807
2026-01-08T12:35:00,/search,latency_p95_ms,152.023
2026-01-08T12:35:00,/checkout,latency_p95_ms,183.223
2026-01-08T12:40:00,/login,latency_p95_ms,127.789
2026-01-08T12:40:00,/search,latency_p95_ms,142.163
2026-01-08T12:40:00,/checkout,latency_p95_ms,167.343
2026-01-08T12:45:00,/login,latency_p95_ms,122.243
2026-01-08T12:45:00,/search,latency_p95_ms,157.626
2026-01-08T12:45:00,/checkout,latency_p95_ms,174.896
2026-01-08T12:50:00,/login,latency_p95_ms,125.870
2026-01-08T12:50:00,/search,latency_p95_ms,158.782
2026-01-08T12:50:00,/checkout,latency_p95_ms,167.597
2026-01-08T12:55:00,/login,latency_p95_ms,125.736
2026-01-08T12:55:00,/search,latency_p95_ms,153.271
2026-01-08T12:55:00,/checkout,latency_p95_ms,184.051
2026-01-08T13:00:00,/login,latency_p95_ms,351.700
2026-01-08T13:00:00,/search,latency_p95_ms,151.704
2026-01-08T13:00:00,/checkout,latency_p95_ms,419.059
2026-01-08T13:05:00,/login,latency_p95_ms,242.998
2026-01-08T13:05:00,/search,latency_p95_ms,149.810
2026-01-08T13:05:00,/checkout,latency_p95_ms,319.068
2026-01-08T13:10:00,/login,latency_p95_ms,205.736
2026-01-08T13:10:00,/search,latency_p95_ms,162.856
2026-01-08T13:10:00,/checkout,latency_p95_ms,294.939
2026-01-08T13:15:00,/login,latency_p95_ms,221.926
2026-01-08T13:15:00,/search,latency_p95_ms,162.979
2026-01-08T13:15:00,/checkout,latency_p95_ms,294.903
2026-01-08T13:20:00,/login,latency_p95_ms,231.975
2026-01-08T13:20:00,/search,latency_p95_ms,155.105
2026-01-08T13:20:00,/checkout,latency_p95_ms,299.740
2026-01-08T13:25:00,/login,latency_p95_ms,252.458
2026-01-08T13:25:00,/search,latency_p95_ms,166.501
2026-01-08T13:25:00,/checkout,latency_p95_ms,285.728
2026-01-08T13:30:00,/login,latency_p95_ms,212.254
2026-01-08T13:30:00,/search,latency_p95_ms,160.977
2026-01-08T13:30:00,/checkout,latency_p95_ms,295.356
2026-01-08T13:35:00,/login,latency_p95_ms,227.523
2026-01-08T13:35:00,/search,latency_p95_ms,155.547
2026-01-08T13:35:00,/checkout,latency_p95_ms,324.082
2026-01-08T13:40:00,/login,latency_p95_ms,229.904
2026-01-08T13:40:00,/search,latency_p95_ms,155.272
2026-01-08T13:40:00,/checkout,latency_p95_ms,302.934
2026-01-08T13:45:00,/login,latency_p95_ms,251.729
2026-01-08T13:45:00,/search,latency_p95_ms,150.548
2026-01-08T13:45:00,/checkout,latency_p95_ms,319.011
2026-01-08T13:50:00,/login,latency_p95_ms,225.752
2026-01-08T13:50:00,/search,latency_p95_ms,155.361
2026-01-08T13:50:00,/checkout,latency_p95_ms,311.698
2026-01-08T13:55:00,/login,latency_p95_ms,230.780
2026-01-08T13:55:00,/search,latency_p95_ms,146.400
2026-01-08T13:55:00,/checkout,latency_p95_ms,325.588
2026-01-08T14:00:00,/login,latency_p95_ms,254.082
2026-01-08T14:00:00,/search,latency_p95_ms,156.789
2026-01-08T14:00:00,/checkout,latency_p95_ms,325.265
2026-01-08T14:05:00,/login,latency_p95_ms,245.788
2026-01-08T14:05:00,/search,latency_p95_ms,162.268
2026-01-08T14:05:00,/checkout,latency_p95_ms,319.088
2026-01-08T14:10:00,/login,latency_p95_ms,236.776
2026-01-08T14:10:00,/search,latency_p95_ms,161.756
2026-01-08T14:10:00,/checkout,latency_p95_ms,315.711
2026-01-08T14:15:00,/login,latency_p95_ms,219.695
2026-01-08T14:15:00,/search,latency_p95_ms,155.035
2026-01-08T14:15:00,/checkout,latency_p95_ms,287.526
2026-01-08T14:20:00,/login,latency_p95_ms,233.635
2026-01-08T14:20:00,/search,latency_p95_ms,158.151
2026-01-08T14:20:00,/checkout,latency_p95_ms,332.518
2026-01-08T14:25:00,/login,latency_p95_ms,235.898
2026-01-08T14:25:00,/search,latency_p95_ms,162.269
2026-01-08T14:25:00,/checkout,latency_p95_ms,314.712
2026-01-08T14:30:00,/login,latency_p95_ms,218.981
2026-01-08T14:30:00,/search,latency_p95_ms,143.553
2026-01-08T14:30:00,/checkout,latency_p95_ms,300.755
2026-01-08T14:35:00,/login,latency_p95_ms,214.047
2026-01-08T14:35:00,/search,latency_p95_ms,159.914
2026-01-08T14:35:00,/checkout,latency_p95_ms,311.730
2026-01-08T14:40:00,/login,latency_p95_ms,241.932
2026-01-08T14:40:00,/search,latency_p95_ms,155.432
2026-01-08T14:40:00,/checkout,latency_p95_ms,329.754
2026-01-08T14:45:00,/login,latency_p95_ms,248.986
2026-01-08T14:45:00,/search,latency_p95_ms,149.681
2026-01-08T14:45:00,/checkout,latency_p95_ms,310.769
2026-01-08T14:50:00,/login,latency_p95_ms,226.047
2026-01-08T14:50:00,/search,latency_p95_ms,141.874
2026-01-08T14:50:00,/checkout,latency_p95_ms,324.443
2026-01-08T14:55:00,/login,latency_p95_ms,250.838
2026-01-08T14:55:00,/search,latency_p95_ms,154.793
2026-01-08T14:55:00,/checkout,latency_p95_ms,307.618
2026-01-08T15:00:00,/login,latency_p95_ms,245.755
2026-01-08T15:00:00,/search,latency_p95_ms,134.043
2026-01-08T15:00:00,/checkout,latency_p95_ms,313.601
2026-01-08T15:05:00,/login,latency_p95_ms,232.109
2026-01-08T15:05:00,/search,latency_p95_ms,148.236
2026-01-08T15:05:00,/checkout,latency_p95_ms,331.084
2026-01-08T15:10:00,/login,latency_p95_ms,244.024
2026-01-08T15:10:00,/search,latency_p95_ms,150.714
2026-01-08T15:10:00,/checkout,latency_p95_ms,309.797
2026-01-08T15:15:00,/login,latency_p95_ms,224.458
2026-01-08T15:15:00,/search,latency_p95_ms,148.706
2026-01-08T15:15:00,/checkout,latency_p95_ms,292.207
2026-01-08T15:20:00,/login,latency_p95_ms,249.917
2026-01-08T15:20:00,/search,latency_p95_ms,161.027
2026-01-08T15:20:00,/checkout,latency_p95_ms,322.539
2026-01-08T15:25:00,/login,latency_p95_ms,214.287
2026-01-08T15:25:00,/search,latency_p95_ms,169.450
2026-01-08T15:25:00,/checkout,latency_p95_ms,339.560
2026-01-08T15:30:00,/login,latency_p95_ms,232.754
2026-01-08T15:30:00,/search,latency_p95_ms,145.569
2026-01-08T15:30:00,/checkout,latency_p95_ms,298.569
2026-01-08T15:35:00,/login,latency_p95_ms,236.073
2026-01-08T15:35:00,/search,latency_p95_ms,145.499
2026-01-08T15:35:00,/checkout,latency_p95_ms,310.553
2026-01-08T15:40:00,/login,latency_p95_ms,245.722
2026-01-08T15:40:00,/search,latency_p95_ms,140.748
2026-01-08T15:40:00,/checkout,latency_p95_ms,339.928
2026-01-08T15:45:00,/login,latency_p95_ms,252.606
2026-01-08T15:45:00,/search,latency_p95_ms,142.906
2026-01-08T15:45:00,/checkout,latency_p95_ms,290.689
2026-01-08T15:50:00,/login,latency_p95_ms,225.964
2026-01-08T15:50:00,/search,latency_p95_ms,144.554
2026-01-08T15:50:00,/checkout,latency_p95_ms,307.248
2026-01-08T15:55:00,/login,latency_p95_ms,192.876
2026-01-08T15:55:00,/search,latency_p95_ms,150.973
2026-01-08T15:55:00,/checkout,latency_p95_ms,337.007
2026-01-08T16:00:00,/login,latency_p95_ms,206.269
2026-01-08T16:00:00,/search,latency_p95_ms,146.342
2026-01-08T16:00:00,/checkout,latency_p95_ms,281.897
2026-01-08T16:05:00,/login,latency_p95_ms,231.538
2026-01-08T16:05:00,/search,latency_p95_ms,146.724
2026-01-08T16:05:00,/checkout,latency_p95_ms,331.294
2026-01-08T16:10:00,/login,latency_p95_ms,225.326
2026-01-08T16:10:00,/search,latency_p95_ms,145.549
2026-01-08T16:10:00,/checkout,latency_p95_ms,311.272
2026-01-08T16:15:00,/login,latency_p95_ms,215.058
2026-01-08T16:15:00,/search,latency_p95_ms,137.812
2026-01-08T16:15:00,/checkout,latency_p95_ms,307.696
2026-01-08T16:20:00,/login,latency_p95_ms,219.830
2026-01-08T16:20:00,/search,latency_p95_ms,149.857
2026-01-08T16:20:00,/checkout,latency_p95_ms,308.754
2026-01-08T16:25:00,/login,latency_p95_ms,214.999
2026-01-08T16:25:00,/search,latency_p95_ms,151.899
2026-01-08T16:25:00,/checkout,latency_p95_ms,328.371
2026-01-08T16:30:00,/login,latency_p95_ms,206.395
2026-01-08T16:30:00,/search,latency_p95_ms,162.426
2026-01-08T16:30:00,/checkout,latency_p95_ms,299.851
2026-01-08T16:35:00,/login,latency_p95_ms,211.308
2026-01-08T16:35:00,/search,latency_p95_ms,167.944
2026-01-08T16:35:00,/checkout,latency_p95_ms,305.580
2026-01-08T16:40:00,/login,latency_p95_ms,242.081
2026-01-08T16:40:00,/search,latency_p95_ms,155.067
2026-01-08T16:40:00,/checkout,latency_p95_ms,279.147
2026-01-08T16:45:00,/login,latency_p95_ms,224.087
2026-01-08T16:45:00,/search,latency_p95_ms,144.324
2026-01-08T16:45:00,/checkout,latency_p95_ms,284.026
2026-01-08T16:50:00,/login,latency_p95_ms,196.835
2026-01-08T16:50:00,/search,latency_p95_ms,149.345
2026-01-08T16:50:00,/checkout,latency_p95_ms,311.847
2026-01-08T16:55:00,/login,latency_p95_ms,227.973
2026-01-08T16:55:00,/search,latency_p95_ms,146.080
2026-01-08T16:55:00,/checkout,latency_p95_ms,291.849
2026-01-08T17:00:00,/login,latency_p95_ms,109.411
2026-01-08T17:00:00,/search,latency_p95_ms,137.865
2026-01-08T17:00:00,/checkout,latency_p95_ms,154.041
2026-01-08T17:05:00,/login,latency_p95_ms,115.680
2026-01-08T17:05:00,/search,latency_p95_ms,142.123
2026-01-08T17:05:00,/checkout,latency_p95_ms,155.138
2026-01-08T17:10:00,/login,latency_p95_ms,115.449
2026-01-08T17:10:00,/search,latency_p95_ms,136.223
2026-01-08T17:10:00,/checkout,latency_p95_ms,162.270
2026-01-08T17:15:00,/login,latency_p95_ms,121.363
2026-01-08T17:15:00,/search,latency_p95_ms,143.731
2026-01-08T17:15:00,/checkout,latency_p95_ms,166.083
2026-01-08T17:20:00,/login,latency_p95_ms,104.090
2026-01-08T17:20:00,/search,latency_p95_ms,139.276
2026-01-08T17:20:00,/checkout,latency_p95_ms,164.520
2026-01-08T17:25:00,/login,latency_p95_ms,122.435
2026-01-08T17:25:00,/search,latency_p95_ms,129.522
2026-01-08T17:25:00,/checkout,latency_p95_ms,163.579
2026-01-08T17:30:00,/login,latency_p95_ms,126.957
2026-01-08T17:30:00,/search,latency_p95_ms,140.877
2026-01-08T17:30:00,/checkout,latency_p95_ms,161.548
2026-01-08T17:35:00,/login,latency_p95_ms,120.910
2026-01-08T17:35:00,/search,latency_p95_ms,144.283
2026-01-08T17:35:00,/checkout,latency_p95_ms,167.703
2026-01-08T17:40:00,/login,latency_p95_ms,117.885
2026-01-08T17:40:00,/search,latency_p95_ms,143.526
2026-01-08T17:40:00,/checkout,latency_p95_ms,156.046
2026-01-08T17:45:00,/login,latency_p95_ms,115.942
2026-01-08T17:45:00,/search,latency_p95_ms,152.331
2026-01-08T17:45:00,/checkout,latency_p95_ms,160.673
2026-01-08T17:50:00,/login,latency_p95_ms,115.957
2026-01-08T17:50:00,/search,latency_p95_ms,138.374
2026-01-08T17:50:00,/checkout,latency_p95_ms,168.603
2026-01-08T17:55:00,/login,latency_p95_ms,110.468
2026-01-08T17:55:00,/search,latency_p95_ms,149.590
2026-01-08T17:55:00,/checkout,latency_p95_ms,154.810
2026-01-08T18:00:00,/login,latency_p95_ms,101.103
2026-01-08T18:00:00,/search,latency_p95_ms,136.213
2026-01-08T18:00:00,/checkout,latency_p95_ms,155.607
2026-01-08T18:05:00,/login,latency_p95_ms,111.946
2026-01-08T18:05:00,/search,latency_p95_ms,143.065
2026-01-08T18:05:00,/checkout,latency_p95_ms,151.265
2026-01-08T18:10:00,/login,latency_p95_ms,113.109
2026-01-08T18:10:00,/search,latency_p95_ms,127.287
2026-01-08T18:10:00,/checkout,latency_p95_ms,164.638
2026-01-08T18:15:00,/login,latency_p95_ms,114.625
2026-01-08T18:15:00,/search,latency_p95_ms,138.857
2026-01-08T18:15:00,/checkout,latency_p95_ms,156.068
2026-01-08T18:20:00,/login,latency_p95_ms,103.280
2026-01-08T18:20:00,/search,latency_p95_ms,131.946
2026-01-08T18:20:00,/checkout,latency_p95_ms,158.579
2026-01-08T18:25:00,/login,latency_p95_ms,109.412
2026-01-08T18:25:00,/search,latency_p95_ms,135.555
2026-01-08T18:25:00,/checkout,latency_p95_ms,143.687
2026-01-08T18:30:00,/login,latency_p95_ms,111.014
2026-01-08T18:30:00,/search,latency_p95_ms,129.030
2026-01-08T18:30:00,/checkout,latency_p95_ms,145.898
2026-01-08T18:35:00,/login,latency_p95_ms,108.328
2026-01-08T18:35:00,/search,latency_p95_ms,119.713
2026-01-08T18:35:00,/checkout,latency_p95_ms,160.154
2026-01-08T18:40:00,/login,latency_p95_ms,116.381
2026-01-08T18:40:00,/search,latency_p95_ms,134.138
2026-01-08T18:40:00,/checkout,latency_p95_ms,146.615
2026-01-08T18:45:00,/login,latency_p95_ms,102.002
2026-01-08T18:45:00,/search,latency_p95_ms,133.356
2026-01-08T18:45:00,/checkout,latency_p95_ms,135.175
2026-01-08T18:50:00,/login,latency_p95_ms,111.009
2026-01-08T18:50:00,/search,latency_p95_ms,139.881
2026-01-08T18:50:00,/checkout,latency_p95_ms,152.070
2026-01-08T18:55:00,/login,latency_p95_ms,105.610
2026-01-08T18:55:00,/search,latency_p95_ms,136.021
2026-01-08T18:55:00,/checkout,latency_p95_ms,157.370
2026-01-08T19:00:00,/login,latency_p95_ms,109.585
2026-01-08T19:00:00,/search,latency_p95_ms,125.979
2026-01-08T19:00:00,/checkout,latency_p95_ms,140.314
2026-01-08T19:05:00,/login,latency_p95_ms,97.142
2026-01-08T19:05:00,/search,latency_p95_ms,127.287
2026-01-08T19:05:00,/checkout,latency_p95_ms,158.281
2026-01-08T19:10:00,/login,latency_p95_ms,98.270
2026-01-08T19:10:00,/search,latency_p95_ms,117.412
2026-01-08T19:10:00,/checkout,latency_p95_ms,138.871
2026-01-08T19:15:00,/login,latency_p95_ms,84.061
2026-01-08T19:15:00,/search,latency_p95_ms,128.470
2026-01-08T19:15:00,/checkout,latency_p95_ms,134.941
2026-01-08T19:20:00,/login,latency_p95_ms,90.964
2026-01-08T19:20:00,/search,latency_p95_ms,110.024
2026-01-08T19:20:00,/checkout,latency_p95_ms,136.888
2026-01-08T19:25:00,/login,latency_p95_ms,105.379
2026-01-08T19:25:00,/search,latency_p95_ms,115.341
2026-01-08T19:25:00,/checkout,latency_p95_ms,131.835
2026-01-08T19:30:00,/login,latency_p95_ms,102.258
2026-01-08T19:30:00,/search,latency_p95_ms,123.102
2026-01-08T19:30:00,/checkout,latency_p95_ms,149.289
2026-01-08T19:35:00,/login,latency_p95_ms,106.756
2026-01-08T19:35:00,/search,latency_p95_ms,125.764
2026-01-08T19:35:00,/checkout,latency_p95_ms,135.450
2026-01-08T19:40:00,/login,latency_p95_ms,99.841
2026-01-08T19:40:00,/search,latency_p95_ms,129.834
2026-01-08T19:40:00,/checkout,latency_p95_ms,141.168
2026-01-08T19:45:00,/login,latency_p95_ms,89.332
2026-01-08T19:45:00,/search,latency_p95_ms,134.653
2026-01-08T19:45:00,/checkout,latency_p95_ms,142.510
2026-01-08T19:50:00,/login,latency_p95_ms,97.558
2026-01-08T19:50:00,/search,latency_p95_ms,125.960
2026-01-08T19:50:00,/checkout,latency_p95_ms,154.076
2026-01-08T19:55:00,/login,latency_p95_ms,102.941
2026-01-08T19:55:00,/search,latency_p95_ms,123.166
2026-01-08T19:55:00,/checkout,latency_p95_ms,151.289
2026-01-08T20:00:00,/login,latency_p95_ms,108.877
2026-01-08T20:00:00,/search,latency_p95_ms,127.803
2026-01-08T20:00:00,/checkout,latency_p95_ms,142.084
2026-01-08T20:05:00,/login,latency_p95_ms,82.723
2026-01-08T20:05:00,/search,latency_p95_ms,146.718
2026-01-08T20:05:00,/checkout,latency_p95_ms,127.112
2026-01-08T20:10:00,/login,latency_p95_ms,88.727
2026-01-08T20:10:00,/search,latency_p95_ms,111.102
2026-01-08T20:10:00,/checkout,latency_p95_ms,149.716
2026-01-08T20:15:00,/login,latency_p95_ms,95.063
2026-01-08T20:15:00,/search,latency_p95_ms,105.284
2026-01-08T20:15:00,/checkout,latency_p95_ms,138.842
2026-01-08T20:20:00,/login,latency_p95_ms,96.076
2026-01-08T20:20:00,/search,latency_p95_ms,114.153
2026-01-08T20:20:00,/checkout,latency_p95_ms,126.940
2026-01-08T20:25:00,/login,latency_p95_ms,85.901
2026-01-08T20:25:00,/search,latency_p95_ms,113.206
2026-01-08T20:25:00,/checkout,latency_p95_ms,136.883
2026-01-08T20:30:00,/login,latency_p95_ms,87.542
2026-01-08T20:30:00,/search,latency_p95_ms,122.583
2026-01-08T20:30:00,/checkout,latency_p95_ms,129.101
2026-01-08T20:35:00,/login,latency_p95_ms,77.850
2026-01-08T20:35:00,/search,latency_p95_ms,110.786
2026-01-08T20:35:00,/checkout,latency_p95_ms,147.492
2026-01-08T20:40:00,/login,latency_p95_ms,87.116
2026-01-08T20:40:00,/search,latency_p95_ms,135.428
2026-01-08T20:40:00,/checkout,latency_p95_ms,140.633
2026-01-08T20:45:00,/login,latency_p95_ms,82.386
2026-01-08T20:45:00,/search,latency_p95_ms,110.027
2026-01-08T20:45:00,/checkout,latency_p95_ms,138.648
2026-01-08T20:50:00,/login,latency_p95_ms,82.280
2026-01-08T20:50:00,/search,latency_p95_ms,135.698
2026-01-08T20:50:00,/checkout,latency_p95_ms,128.774
2026-01-08T20:55:00,/login,latency_p95_ms,97.149
2026-01-08T20:55:00,/search,latency_p95_ms,128.382
2026-01-08T20:55:00,/checkout,latency_p95_ms,135.827
2026-01-08T21:00:00,/login,latency_p95_ms,74.828
2026-01-08T21:00:00,/search,latency_p95_ms,105.611
2026-01-08T21:00:00,/checkout,latency_p95_ms,130.693
2026-01-08T21:05:00,/login,latency_p95_ms,89.801
2026-01-08T21:05:00,/search,latency_p95_ms,108.249
2026-01-08T21:05:00,/checkout,latency_p95_ms,116.593
2026-01-08T21:10:00,/login,latency_p95_ms,83.134
2026-01-08T21:10:00,/search,latency_p95_ms,102.408
2026-01-08T21:10:00,/checkout,latency_p95_ms,110.329
2026-01-08T21:15:00,/login,latency_p95_ms,77.215
2026-01-08T21:15:00,/search,latency_p95_ms,96.336
2026-01-08T21:15:00,/checkout,latency_p95_ms,132.490
2026-01-08T21:20:00,/login,latency_p95_ms,98.348
2026-01-08T21:20:00,/search,latency_p95_ms,122.665
2026-01-08T21:20:00,/checkout,latency_p95_ms,123.209
2026-01-08T21:25:00,/login,latency_p95_ms,79.056
2026-01-08T21:25:00,/search,latency_p95_ms,113.305
2026-01-08T21:25:00,/checkout,latency_p95_ms,136.285
2026-01-08T21:30:00,/login,latency_p95_ms,79.445
2026-01-08T21:30:00,/search,latency_p95_ms,106.654
2026-01-08T21:30:00,/checkout,latency_p95_ms,145.451
2026-01-08T21:35:00,/login,latency_p95_ms,81.936
2026-01-08T21:35:00,/search,latency_p95_ms,103.913
2026-01-08T21:35:00,/checkout,latency_p95_ms,128.754
2026-01-08T21:40:00,/login,latency_p95_ms,87.433
2026-01-08T21:40:00,/search,latency_p95_ms,99.622
2026-01-08T21:40:00,/checkout,latency_p95_ms,125.808
2026-01-08T21:45:00,/login,latency_p95_ms,73.464
2026-01-08T21:45:00,/search,latency_p95_ms,105.569
2026-01-08T21:45:00,/checkout,latency_p95_ms,142.811
2026-01-08T21:50:00,/login,latency_p95_ms,88.729
2026-01-08T21:50:00,/search,latency_p95_ms,107.055
2026-01-08T21:50:00,/checkout,latency_p95_ms,120.330
2026-01-08T21:55:00,/login,latency_p95_ms,80.304
2026-01-08T21:55:00,/search,latency_p95_ms,116.201
2026-01-08T21:55:00,/checkout,latency_p95_ms,123.302
2026-01-08T22:00:00,/login,latency_p95_ms,86.324
2026-01-08T22:00:00,/search,latency_p95_ms,88.732
2026-01-08T22:00:00,/checkout,latency_p95_ms,117.401
2026-01-08T22:05:00,/login,latency_p95_ms,88.663
2026-01-08T22:05:00,/search,latency_p95_ms,83.658
2026-01-08T22:05:00,/checkout,latency_p95_ms,129.228
2026-01-08T22:10:00,/login,latency_p95_ms,59.910
2026-01-08T22:10:00,/search,latency_p95_ms,99.000
2026-01-08T22:10:00,/checkout,latency_p95_ms,118.341
2026-01-08T22:15:00,/login,latency_p95_ms,81.315
2026-01-08T22:15:00,/search,latency_p95_ms,74.485
2026-01-08T22:15:00,/checkout,latency_p95_ms,104.378
2026-01-08T22:20:00,/login,latency_p95_ms,70.193
2026-01-08T22:20:00,/search,latency_p95_ms,100.016
2026-01-08T22:20:00,/checkout,latency_p95_ms,112.575
2026-01-08T22:25:00,/login,latency_p95_ms,72.954
2026-01-08T22:25:00,/search,latency_p95_ms,90.232
2026-01-08T22:25:00,/checkout,latency_p95_ms,116.511
2026-01-08T22:30:00,/login,latency_p95_ms,67.947
2026-01-08T22:30:00,/search,latency_p95_ms,101.673
2026-01-08T22:30:00,/checkout,latency_p95_ms,124.372
2026-01-08T22:35:00,/login,latency_p95_ms,86.184
2026-01-08T22:35:00,/search,latency_p95_ms,94.470
2026-01-08T22:35:00,/checkout,latency_p95_ms,117.177
2026-01-08T22:40:00,/login,latency_p95_ms,75.103
2026-01-08T22:40:00,/search,latency_p95_ms,97.362
2026-01-08T22:40:00,/checkout,latency_p95_ms,119.305
2026-01-08T22:45:00,/login,latency_p95_ms,62.224
2026-01-08T22:45:00,/search,latency_p95_ms,102.695
2026-01-08T22:45:00,/checkout,latency_p95_ms,112.399
2026-01-08T22:50:00,/login,latency_p95_ms,67.065
2026-01-08T22:50:00,/search,latency_p95_ms,87.016
2026-01-08T22:50:00,/checkout,latency_p95_ms,129.009
2026-01-08T22:55:00,/login,latency_p95_ms,73.596
2026-01-08T22:55:00,/search,latency_p95_ms,108.917
2026-01-08T22:55:00,/checkout,latency_p95_ms,121.899
2026-01-08T23:00:00,/login,latency_p95_ms,54.402
2026-01-08T23:00:00,/search,latency_p95_ms,84.359
2026-01-08T23:00:00,/checkout,latency_p95_ms,119.092
2026-01-08T23:05:00,/login,latency_p95_ms,61.903
2026-01-08T23:05:00,/search,latency_p95_ms,84.306
2026-01-08T23:05:00,/checkout,latency_p95_ms,111.594
2026-01-08T23:10:00,/login,latency_p95_ms,66.613
2026-01-08T23:10:00,/search,latency_p95_ms,84.934
2026-01-08T23:10:00,/checkout,latency_p95_ms,110.420
2026-01-08T23:15:00,/login,latency_p95_ms,64.201
2026-01-08T23:15:00,/search,latency_p95_ms,72.309
2026-01-08T23:15:00,/checkout,latency_p95_ms,117.050
2026-01-08T23:20:00,/login,latency_p95_ms,61.538
2026-01-08T23:20:00,/search,latency_p95_ms,103.464
2026-01-08T23:20:00,/checkout,latency_p95_ms,103.828
2026-01-08T23:25:00,/login,latency_p95_ms,55.392
2026-01-08T23:25:00,/search,latency_p95_ms,102.530
2026-01-08T23:25:00,/checkout,latency_p95_ms,100.348
2026-01-08T23:30:00,/login,latency_p95_ms,62.939
2026-01-08T23:30:00,/search,latency_p95_ms,97.807
2026-01-08T23:30:00,/checkout,latency_p95_ms,110.392
2026-01-08T23:35:00,/login,latency_p95_ms,54.785
2026-01-08T23:35:00,/search,latency_p95_ms,94.533
2026-01-08T23:35:00,/checkout,latency_p95_ms,111.474
2026-01-08T23:40:00,/login,latency_p95_ms,78.300
2026-01-08T23:40:00,/search,latency_p95_ms,97.738
2026-01-08T23:40:00,/checkout,latency_p95_ms,137.314
2026-01-08T23:45:00,/login,latency_p95_ms,54.862
2026-01-08T23:45:00,/search,latency_p95_ms,92.855
2026-01-08T23:45:00,/checkout,latency_p95_ms,104.496
2026-01-08T23:50:00,/login,latency_p95_ms,77.267
2026-01-08T23:50:00,/search,latency_p95_ms,99.603
2026-01-08T23:50:00,/checkout,latency_p95_ms,119.061
2026-01-08T23:55:00,/login,latency_p95_ms,61.810
2026-01-08T23:55:00,/search,latency_p95_ms,87.068
2026-01-08T23:55:00,/checkout,latency_p95_ms,96.791
2026-01-09T00:00:00,/login,latency_p95_ms,76.851
2026-01-09T00:00:00,/search,latency_p95_ms,92.240
2026-01-09T00:00:00,/checkout,latency_p95_ms,106.088
2026-01-09T00:05:00,/login,latency_p95_ms,70.643
2026-01-09T00:05:00,/search,latency_p95_ms,94.182
2026-01-09T00:05:00,/checkout,latency_p95_ms,115.977
2026-01-09T00:10:00,/login,latency_p95_ms,50.186
2026-01-09T00:10:00,/search,latency_p95_ms,82.464
2026-01-09T00:10:00,/checkout,latency_p95_ms,109.738
2026-01-09T00:15:00,/login,latency_p95_ms,66.018
2026-01-09T00:15:00,/search,latency_p95_ms,95.832
2026-01-09T00:15:00,/checkout,latency_p95_ms,100.106
2026-01-09T00:20:00,/login,latency_p95_ms,64.192
2026-01-09T00:20:00,/search,latency_p95_ms,105.817
2026-01-09T00:20:00,/checkout,latency_p95_ms,113.710
2026-01-09T00:25:00,/login,latency_p95_ms,70.139
2026-01-09T00:25:00,/search,latency_p95_ms,88.021
2026-01-09T00:25:00,/checkout,latency_p95_ms,114.316
2026-01-09T00:30:00,/login,latency_p95_ms,77.607
2026-01-09T00:30:00,/search,latency_p95_ms,89.028
2026-01-09T00:30:00,/checkout,latency_p95_ms,117.966
2026-01-09T00:35:00,/login,latency_p95_ms,56.173
2026-01-09T00:35:00,/search,latency_p95_ms,92.895
2026-01-09T00:35:00,/checkout,latency_p95_ms,115.408
2026-01-09T00:40:00,/login,latency_p95_ms,57.159
2026-01-09T00:40:00,/search,latency_p95_ms,96.960
2026-01-09T00:40:00,/checkout,latency_p95_ms,102.773
2026-01-09T00:45:00,/login,latency_p95_ms,56.733
2026-01-09T00:45:00,/search,latency_p95_ms,88.165
2026-01-09T00:45:00,/checkout,latency_p95_ms,123.631
2026-01-09T00:50:00,/login,latency_p95_ms,65.648
2026-01-09T00:50:00,/search,latency_p95_ms,95.661
2026-01-09T00:50:00,/checkout,latency_p95_ms,102.320
2026-01-09T00:55:00,/login,latency_p95_ms,63.795
2026-01-09T00:55:00,/search,latency_p95_ms,78.762
2026-01-09T00:55:00,/checkout,latency_p95_ms,103.606
2026-01-09T01:00:00,/login,latency_p95_ms,67.174
2026-01-09T01:00:00,/search,latency_p95_ms,85.182
2026-01-09T01:00:00,/checkout,latency_p95_ms,117.100
2026-01-09T01:05:00,/login,latency_p95_ms,58.870
2026-01-09T01:05:00,/search,latency_p95_ms,83.906
2026-01-09T01:05:00,/checkout,latency_p95_ms,115.703
2026-01-09T01:10:00,/login,latency_p95_ms,55.300
2026-01-09T01:10:00,/search,latency_p95_ms,73.331
2026-01-09T01:10:00,/checkout,latency_p95_ms,115.899
2026-01-09T01:15:00,/login,latency_p95_ms,63.803
2026-01-09T01:15:00,/search,latency_p95_ms,68.168
2026-01-09T01:15:00,/checkout,latency_p95_ms,105.846
2026-01-09T01:20:00,/login,latency_p95_ms,57.259
2026-01-09T01:20:00,/search,latency_p95_ms,99.448
2026-01-09T01:20:00,/checkout,latency_p95_ms,99.657
2026-01-09T01:25:00,/login,latency_p95_ms,55.843
2026-01-09T01:25:00,/search,latency_p95_ms,78.206
2026-01-09T01:25:00,/checkout,latency_p95_ms,97.057
2026-01-09T01:30:00,/login,latency_p95_ms,54.885
2026-01-09T01:30:00,/search,latency_p95_ms,74.002
2026-01-09T01:30:00,/checkout,latency_p95_ms,97.240
2026-01-09T01:35:00,/login,latency_p95_ms,47.637
2026-01-09T01:35:00,/search,latency_p95_ms,73.511
2026-01-09T01:35:00,/checkout,latency_p95_ms,93.012
2026-01-09T01:40:00,/login,latency_p95_ms,56.320
2026-01-09T01:40:00,/search,latency_p95_ms,80.020
2026-01-09T01:40:00,/checkout,latency_p95_ms,95.678
2026-01-09T01:45:00,/login,latency_p95_ms,64.315
2026-01-09T01:45:00,/search,latency_p95_ms,85.105
2026-01-09T01:45:00,/checkout,latency_p95_ms,102.033
2026-01-09T01:50:00,/login,latency_p95_ms,56.777
2026-01-09T01:50:00,/search,latency_p95_ms,98.232
2026-01-09T01:50:00,/checkout,latency_p95_ms,107.408
2026-01-09T01:55:00,/login,latency_p95_ms,64.292
2026-01-09T01:55:00,/search,latency_p95_ms,64.801
2026-01-09T01:55:00,/checkout,latency_p95_ms,100.259
2026-01-09T02:00:00,/login,latency_p95_ms,42.788
2026-01-09T02:00:00,/search,latency_p95_ms,81.746
2026-01-09T02:00:00,/checkout,latency_p95_ms,108.142
2026-01-09T02:05:00,/login,latency_p95_ms,54.761
2026-01-09T02:05:00,/search,latency_p95_ms,89.305
2026-01-09T02:05:00,/checkout,latency_p95_ms,96.974
2026-01-09T02:10:00,/login,latency_p95_ms,64.762
2026-01-09T02:10:00,/search,latency_p95_ms,72.727
2026-01-09T02:10:00,/checkout,latency_p95_ms,103.062
2026-01-09T02:15:00,/login,latency_p95_ms,63.514
2026-01-09T02:15:00,/search,latency_p95_ms,89.443
2026-01-09T02:15:00,/checkout,latency_p95_ms,104.138
2026-01-09T02:20:00,/login,latency_p95_ms,75.674
2026-01-09T02:20:00,/search,latency_p95_ms,81.840
2026-01-09T02:20:00,/checkout,latency_p95_ms,101.548
2026-01-09T02:25:00,/login,latency_p95_ms,38.080
2026-01-09T02:25:00,/search,latency_p95_ms,99.307
2026-01-09T02:25:00,/checkout,latency_p95_ms,102.204
2026-01-09T02:30:00,/login,latency_p95_ms,50.748
2026-01-09T02:30:00,/search,latency_p95_ms,95.723
2026-01-09T02:30:00,/checkout,latency_p95_ms,115.040
2026-01-09T02:35:00,/login,latency_p95_ms,61.022
2026-01-09T02:35:00,/search,latency_p95_ms,73.676
2026-01-09T02:35:00,/checkout,latency_p95_ms,108.508
2026-01-09T02:40:00,/login,latency_p95_ms,55.185
2026-01-09T02:40:00,/search,latency_p95_ms,75.790
2026-01-09T02:40:00,/checkout,latency_p95_ms,113.503
2026-01-09T02:45:00,/login,latency_p95_ms,43.095
2026-01-09T02:45:00,/search,latency_p95_ms,89.693
2026-01-09T02:45:00,/checkout,latency_p95_ms,108.831
2026-01-09T02:50:00,/login,latency_p95_ms,76.564
2026-01-09T02:50:00,/search,latency_p95_ms,87.757
2026-01-09T02:50:00,/checkout,latency_p95_ms,88.688
2026-01-09T02:55:00,/login,latency_p95_ms,53.467
2026-01-09T02:55:00,/search,latency_p95_ms,85.673
2026-01-09T02:55:00,/checkout,latency_p95_ms,108.000
2026-01-09T03:00:00,/login,latency_p95_ms,70.043
2026-01-09T03:00:00,/search,latency_p95_ms,71.520
2026-01-09T03:00:00,/checkout,latency_p95_ms,104.557
2026-01-09T03:05:00,/login,latency_p95_ms,69.956
2026-01-09T03:05:00,/search,latency_p95_ms,99.549
2026-01-09T03:05:00,/checkout,latency_p95_ms,122.085
2026-01-09T03:10:00,/login,latency_p95_ms,59.075
2026-01-09T03:10:00,/search,latency_p95_ms,95.978
2026-01-09T03:10:00,/checkout,latency_p95_ms,120.891
2026-01-09T03:15:00,/login,latency_p95_ms,71.781
2026-01-09T03:15:00,/search,latency_p95_ms,92.986
2026-01-09T03:15:00,/checkout,latency_p95_ms,113.819
2026-01-09T03:20:00,/login,latency_p95_ms,55.878
2026-01-09T03:20:00,/search,latency_p95_ms,75.619
2026-01-09T03:20:00,/checkout,latency_p95_ms,115.060
2026-01-09T03:25:00,/login,latency_p95_ms,59.420
2026-01-09T03:25:00,/search,latency_p95_ms,86.972
2026-01-09T03:25:00,/checkout,latency_p95_ms,102.567
2026-01-09T03:30:00,/login,latency_p95_ms,59.054
2026-01-09T03:30:00,/search,latency_p95_ms,89.059
2026-01-09T03:30:00,/checkout,latency_p95_ms,99.022
2026-01-09T03:35:00,/login,latency_p95_ms,62.745
2026-01-09T03:35:00,/search,latency_p95_ms,89.165
2026-01-09T03:35:00,/checkout,latency_p95_ms,106.578
2026-01-09T03:40:00,/login,latency_p95_ms,56.248
2026-01-09T03:40:00,/search,latency_p95_ms,93.490
2026-01-09T03:40:00,/checkout,latency_p95_ms,122.178
2026-01-09T03:45:00,/login,latency_p95_ms,57.387
2026-01-09T03:45:00,/search,latency_p95_ms,97.073
2026-01-09T03:45:00,/checkout,latency_p95_ms,114.311
2026-01-09T03:50:00,/login,latency_p95_ms,40.971
2026-01-09T03:50:00,/search,latency_p95_ms,81.107
2026-01-09T03:50:00,/checkout,latency_p95_ms,102.110
2026-01-09T03:55:00,/login,latency_p95_ms,68.451
2026-01-09T03:55:00,/search,latency_p95_ms,88.705
2026-01-09T03:55:00,/checkout,latency_p95_ms,110.992
2026-01-09T04:00:00,/login,latency_p95_ms,71.564
2026-01-09T04:00:00,/search,latency_p95_ms,84.282
2026-01-09T04:00:00,/checkout,latency_p95_ms,105.501
2026-01-09T04:05:00,/login,latency_p95_ms,56.690
2026-01-09T04:05:00,/search,latency_p95_ms,90.111
2026-01-09T04:05:00,/checkout,latency_p95_ms,110.521
2026-01-09T04:10:00,/login,latency_p95_ms,67.843
2026-01-09T04:10:00,/search,latency_p95_ms,85.655
2026-01-09T04:10:00,/checkout,latency_p95_ms,118.726
2026-01-09T04:15:00,/login,latency_p95_ms,73.810
2026-01-09T04:15:00,/search,latency_p95_ms,103.846
2026-01-09T04:15:00,/checkout,latency_p95_ms,117.164
2026-01-09T04:20:00,/login,latency_p95_ms,67.958
2026-01-09T04:20:00,/search,latency_p95_ms,96.853
2026-01-09T04:20:00,/checkout,latency_p95_ms,116.352
2026-01-09T04:25:00,/login,latency_p95_ms,61.259
2026-01-09T04:25:00,/search,latency_p95_ms,101.789
2026-01-09T04:25:00,/checkout,latency_p95_ms,125.222
2026-01-09T04:30:00,/login,latency_p95_ms,82.289
2026-01-09T04:30:00,/search,latency_p95_ms,91.755
2026-01-09T04:30:00,/checkout,latency_p95_ms,114.068
2026-01-09T04:35:00,/login,latency_p95_ms,69.804
2026-01-09T04:35:00,/search,latency_p95_ms,91.453
2026-01-09T04:35:00,/checkout,latency_p95_ms,116.428
2026-01-09T04:40:00,/login,latency_p95_ms,65.504
2026-01-09T04:40:00,/search,latency_p95_ms,89.923
2026-01-09T04:40:00,/checkout,latency_p95_ms,125.545
2026-01-09T04:45:00,/login,latency_p95_ms,67.791
2026-01-09T04:45:00,/search,latency_p95_ms,92.010
2026-01-09T04:45:00,/checkout,latency_p95_ms,118.530
2026-01-09T04:50:00,/login,latency_p95_ms,67.676
2026-01-09T04:50:00,/search,latency_p95_ms,93.806
2026-01-09T04:50:00,/checkout,latency_p95_ms,110.965
2026-01-09T04:55:00,/login,latency_p95_ms,56.710
2026-01-09T04:55:00,/search,latency_p95_ms,91.226
2026-01-09T04:55:00,/checkout,latency_p95_ms,102.378
2026-01-09T05:00:00,/login,latency_p95_ms,74.375
2026-01-09T05:00:00,/search,latency_p95_ms,88.243
2026-01-09T05:00:00,/checkout,latency_p95_ms,125.028
2026-01-09T05:05:00,/login,latency_p95_ms,78.688
2026-01-09T05:05:00,/search,latency_p95_ms,99.938
2026-01-09T05:05:00,/checkout,latency_p95_ms,116.893
2026-01-09T05:10:00,/login,latency_p95_ms,76.025
2026-01-09T05:10:00,/search,latency_p95_ms,81.974
2026-01-09T05:10:00,/checkout,latency_p95_ms,108.920
2026-01-09T05:15:00,/login,latency_p95_ms,71.504
2026-01-09T05:15:00,/search,latency_p95_ms,100.456
2026-01-09T05:15:00,/checkout,latency_p95_ms,117.059
2026-01-09T05:20:00,/login,latency_p95_ms,64.657
2026-01-09T05:20:00,/search,latency_p95_ms,98.762
2026-01-09T05:20:00,/checkout,latency_p95_ms,114.065
2026-01-09T05:25:00,/login,latency_p95_ms,64.145
2026-01-09T05:25:00,/search,latency_p95_ms,100.330
2026-01-09T05:25:00,/checkout,latency_p95_ms,116.014
2026-01-09T05:30:00,/login,latency_p95_ms,82.266
2026-01-09T05:30:00,/search,latency_p95_ms,103.018
2026-01-09T05:30:00,/checkout,latency_p95_ms,123.572
2026-01-09T05:35:00,/login,latency_p95_ms,75.267
2026-01-09T05:35:00,/search,latency_p95_ms,90.933
2026-01-09T05:35:00,/checkout,latency_p95_ms,110.209
2026-01-09T05:40:00,/login,latency_p95_ms,60.925
2026-01-09T05:40:00,/search,latency_p95_ms,120.726
2026-01-09T05:40:00,/checkout,latency_p95_ms,109.059
2026-01-09T05:45:00,/login,latency_p95_ms,71.015
2026-01-09T05:45:00,/search,latency_p95_ms,94.811
2026-01-09T05:45:00,/checkout,latency_p95_ms,115.445
2026-01-09T05:50:00,/login,latency_p95_ms,68.022
2026-01-09T05:50:00,/search,latency_p95_ms,82.747
2026-01-09T05:50:00,/checkout,latency_p95_ms,109.709
2026-01-09T05:55:00,/login,latency_p95_ms,61.569
2026-01-09T05:55:00,/search,latency_p95_ms,96.680
2026-01-09T05:55:00,/checkout,latency_p95_ms,112.221
2026-01-09T06:00:00,/login,latency_p95_ms,74.937
2026-01-09T06:00:00,/search,latency_p95_ms,107.162
2026-01-09T06:00:00,/checkout,latency_p95_ms,120.773
2026-01-09T06:05:00,/login,latency_p95_ms,87.892
2026-01-09T06:05:00,/search,latency_p95_ms,102.345
2026-01-09T06:05:00,/checkout,latency_p95_ms,127.236
2026-01-09T06:10:00,/login,latency_p95_ms,69.832
2026-01-09T06:10:00,/search,latency_p95_ms,110.690
2026-01-09T06:10:00,/checkout,latency_p95_ms,122.193
2026-01-09T06:15:00,/login,latency_p95_ms,83.705
2026-01-09T06:15:00,/search,latency_p95_ms,108.075
2026-01-09T06:15:00,/checkout,latency_p95_ms,124.047
2026-01-09T06:20:00,/login,latency_p95_ms,82.174
2026-01-09T06:20:00,/search,latency_p95_ms,102.352
2026-01-09T06:20:00,/checkout,latency_p95_ms,136.204
2026-01-09T06:25:00,/login,latency_p95_ms,87.909
2026-01-09T06:25:00,/search,latency_p95_ms,109.295
2026-01-09T06:25:00,/checkout,latency_p95_ms,115.994
2026-01-09T06:30:00,/login,latency_p95_ms,71.640
2026-01-09T06:30:00,/search,latency_p95_ms,100.124
2026-01-09T06:30:00,/checkout,latency_p95_ms,123.475
2026-01-09T06:35:00,/login,latency_p95_ms,84.019
2026-01-09T06:35:00,/search,latency_p95_ms,98.263
2026-01-09T06:35:00,/checkout,latency_p95_ms,134.851
2026-01-09T06:40:00,/login,latency_p95_ms,80.464
2026-01-09T06:40:00,/search,latency_p95_ms,89.333
2026-01-09T06:40:00,/checkout,latency_p95_ms,121.632
2026-01-09T06:45:00,/login,latency_p95_ms,59.753
2026-01-09T06:45:00,/search,latency_p95_ms,99.421
2026-01-09T06:45:00,/checkout,latency_p95_ms,121.042
2026-01-09T06:50:00,/login,latency_p95_ms,75.552
2026-01-09T06:50:00,/search,latency_p95_ms,102.833
2026-01-09T06:50:00,/checkout,latency_p95_ms,122.282
2026-01-09T06:55:00,/login,latency_p95_ms,75.685
2026-01-09T06:55:00,/search,latency_p95_ms,117.455
2026-01-09T06:55:00,/checkout,latency_p95_ms,135.154
2026-01-09T07:00:00,/login,latency_p95_ms,80.033
2026-01-09T07:00:00,/search,latency_p95_ms,124.199
2026-01-09T07:00:00,/checkout,latency_p95_ms,121.197
2026-01-09T07:05:00,/login,latency_p95_ms,82.651
2026-01-09T07:05:00,/search,latency_p95_ms,126.370
2026-01-09T07:05:00,/checkout,latency_p95_ms,116.252
2026-01-09T07:10:00,/login,latency_p95_ms,93.766
2026-01-09T07:10:00,/search,latency_p95_ms,104.140
2026-01-09T07:10:00,/checkout,latency_p95_ms,133.016
2026-01-09T07:15:00,/login,latency_p95_ms,87.727
2026-01-09T07:15:00,/search,latency_p95_ms,127.746
2026-01-09T07:15:00,/checkout,latency_p95_ms,127.683
2026-01-09T07:20:00,/login,latency_p95_ms,88.616
2026-01-09T07:20:00,/search,latency_p95_ms,119.184
2026-01-09T07:20:00,/checkout,latency_p95_ms,132.154
2026-01-09T07:25:00,/login,latency_p95_ms,82.592
2026-01-09T07:25:00,/search,latency_p95_ms,113.695
2026-01-09T07:25:00,/checkout,latency_p95_ms,134.916
2026-01-09T07:30:00,/login,latency_p95_ms,96.241
2026-01-09T07:30:00,/search,latency_p95_ms,106.624
2026-01-09T07:30:00,/checkout,latency_p95_ms,130.575
2026-01-09T07:35:00,/login,latency_p95_ms,91.752
2026-01-09T07:35:00,/search,latency_p95_ms,112.831
2026-01-09T07:35:00,/checkout,latency_p95_ms,132.686
2026-01-09T07:40:00,/login,latency_p95_ms,89.032
2026-01-09T07:40:00,/search,latency_p95_ms,108.601
2026-01-09T07:40:00,/checkout,latency_p95_ms,127.771
2026-01-09T07:45:00,/login,latency_p95_ms,92.694
2026-01-09T07:45:00,/search,latency_p95_ms,105.407
2026-01-09T07:45:00,/checkout,latency_p95_ms,143.491
2026-01-09T07:50:00,/login,latency_p95_ms,90.907
2026-01-09T07:50:00,/search,latency_p95_ms,103.956
2026-01-09T07:50:00,/checkout,latency_p95_ms,136.432
2026-01-09T07:55:00,/login,latency_p95_ms,90.506
2026-01-09T07:55:00,/search,latency_p95_ms,120.265
2026-01-09T07:55:00,/checkout,latency_p95_ms,143.439
2026-01-09T08:00:00,/login,latency_p95_ms,95.368
2026-01-09T08:00:00,/search,latency_p95_ms,117.637
2026-01-09T08:00:00,/checkout,latency_p95_ms,138.451
2026-01-09T08:05:00,/login,latency_p95_ms,90.450
2026-01-09T08:05:00,/search,latency_p95_ms,117.327
2026-01-09T08:05:00,/checkout,latency_p95_ms,145.575
2026-01-09T08:10:00,/login,latency_p95_ms,98.421
2026-01-09T08:10:00,/search,latency_p95_ms,119.368
2026-01-09T08:10:00,/checkout,latency_p95_ms,137.393
2026-01-09T08:15:00,/login,latency_p95_ms,101.082
2026-01-09T08:15:00,/search,latency_p95_ms,119.286
2026-01-09T08:15:00,/checkout,latency_p95_ms,134.978
2026-01-09T08:20:00,/login,latency_p95_ms,97.086
2026-01-09T08:20:00,/search,latency_p95_ms,121.183
2026-01-09T08:20:00,/checkout,latency_p95_ms,134.739
2026-01-09T08:25:00,/login,latency_p95_ms,104.916
2026-01-09T08:25:00,/search,latency_p95_ms,130.067
2026-01-09T08:25:00,/checkout,latency_p95_ms,143.626
2026-01-09T08:30:00,/login,latency_p95_ms,99.347
2026-01-09T08:30:00,/search,latency_p95_ms,127.517
2026-01-09T08:30:00,/checkout,latency_p95_ms,143.052
2026-01-09T08:35:00,/login,latency_p95_ms,105.429
2026-01-09T08:35:00,/search,latency_p95_ms,136.547
2026-01-09T08:35:00,/checkout,latency_p95_ms,143.943
2026-01-09T08:40:00,/login,latency_p95_ms,101.821
2026-01-09T08:40:00,/search,latency_p95_ms,130.287
2026-01-09T08:40:00,/checkout,latency_p95_ms,140.595
2026-01-09T08:45:00,/login,latency_p95_ms,89.272
2026-01-09T08:45:00,/search,latency_p95_ms,130.547
2026-01-09T08:45:00,/checkout,latency_p95_ms,130.749
2026-01-09T08:50:00,/login,latency_p95_ms,112.610
2026-01-09T08:50:00,/search,latency_p95_ms,130.262
2026-01-09T08:50:00,/checkout,latency_p95_ms,144.800
2026-01-09T08:55:00,/login,latency_p95_ms,98.708
2026-01-09T08:55:00,/search,latency_p95_ms,137.310
2026-01-09T08:55:00,/checkout,latency_p95_ms,135.729
2026-01-09T09:00:00,/login,latency_p95_ms,97.923
2026-01-09T09:00:00,/search,latency_p95_ms,127.420
2026-01-09T09:00:00,/checkout,latency_p95_ms,150.110
2026-01-09T09:05:00,/login,latency_p95_ms,99.153
2026-01-09T09:05:00,/search,latency_p95_ms,133.436
2026-01-09T09:05:00,/checkout,latency_p95_ms,153.292
2026-01-09T09:10:00,/login,latency_p95_ms,100.694
2026-01-09T09:10:00,/search,latency_p95_ms,145.029
2026-01-09T09:10:00,/checkout,latency_p95_ms,141.068
2026-01-09T09:15:00,/login,latency_p95_ms,96.991
2026-01-09T09:15:00,/search,latency_p95_ms,135.214
2026-01-09T09:15:00,/checkout,latency_p95_ms,150.545
2026-01-09T09:20:00,/login,latency_p95_ms,110.547
2026-01-09T09:20:00,/search,latency_p95_ms,127.253
2026-01-09T09:20:00,/checkout,latency_p95_ms,143.938
2026-01-09T09:25:00,/login,latency_p95_ms,102.041
2026-01-09T09:25:00,/search,latency_p95_ms,126.736
2026-01-09T09:25:00,/checkout,latency_p95_ms,156.405
2026-01-09T09:30:00,/login,latency_p95_ms,103.365
2026-01-09T09:30:00,/search,latency_p95_ms,138.296
2026-01-09T09:30:00,/checkout,latency_p95_ms,156.909
2026-01-09T09:35:00,/login,latency_p95_ms,115.530
2026-01-09T09:35:00,/search,latency_p95_ms,139.411
2026-01-09T09:35:00,/checkout,latency_p95_ms,158.480
2026-01-09T09:40:00,/login,latency_p95_ms,113.364
2026-01-09T09:40:00,/search,latency_p95_ms,128.071
2026-01-09T09:40:00,/checkout,latency_p95_ms,150.110
2026-01-09T09:45:00,/login,latency_p95_ms,92.564
2026-01-09T09:45:00,/search,latency_p95_ms,134.539
2026-01-09T09:45:00,/checkout,latency_p95_ms,146.815
2026-01-09T09:50:00,/login,latency_p95_ms,110.417
2026-01-09T09:50:00,/search,latency_p95_ms,136.425
2026-01-09T09:50:00,/checkout,latency_p95_ms,141.388
2026-01-09T09:55:00,/login,latency_p95_ms,99.094
2026-01-09T09:55:00,/search,latency_p95_ms,129.410
2026-01-09T09:55:00,/checkout,latency_p95_ms,148.064
2026-01-09T10:00:00,/login,latency_p95_ms,116.615
2026-01-09T10:00:00,/search,latency_p95_ms,131.036
2026-01-09T10:00:00,/checkout,latency_p95_ms,160.656
2026-01-09T10:05:00,/login,latency_p95_ms,101.771
2026-01-09T10:05:00,/search,latency_p95_ms,123.038
2026-01-09T10:05:00,/checkout,latency_p95_ms,166.012
2026-01-09T10:10:00,/login,latency_p95_ms,104.837
2026-01-09T10:10:00,/search,latency_p95_ms,135.800
2026-01-09T10:10:00,/checkout,latency_p95_ms,148.940
2026-01-09T10:15:00,/login,latency_p95_ms,104.008
2026-01-09T10:15:00,/search,latency_p95_ms,137.088
2026-01-09T10:15:00,/checkout,latency_p95_ms,156.998
2026-01-09T10:20:00,/login,latency_p95_ms,123.140
2026-01-09T10:20:00,/search,latency_p95_ms,143.875
2026-01-09T10:20:00,/checkout,latency_p95_ms,158.190
2026-01-09T10:25:00,/login,latency_p95_ms,121.341
2026-01-09T10:25:00,/search,latency_p95_ms,149.211
2026-01-09T10:25:00,/checkout,latency_p95_ms,163.569
2026-01-09T10:30:00,/login,latency_p95_ms,112.029
2026-01-09T10:30:00,/search,latency_p95_ms,148.428
2026-01-09T10:30:00,/checkout,latency_p95_ms,174.427
2026-01-09T10:35:00,/login,latency_p95_ms,120.563
2026-01-09T10:35:00,/search,latency_p95_ms,154.444
2026-01-09T10:35:00,/checkout,latency_p95_ms,167.692
2026-01-09T10:40:00,/login,latency_p95_ms,122.070
2026-01-09T10:40:00,/search,latency_p95_ms,131.558
2026-01-09T10:40:00,/checkout,latency_p95_ms,151.371
2026-01-09T10:45:00,/login,latency_p95_ms,114.883
2026-01-09T10:45:00,/search,latency_p95_ms,126.923
2026-01-09T10:45:00,/checkout,latency_p95_ms,155.535
2026-01-09T10:50:00,/login,latency_p95_ms,122.218
2026-01-09T10:50:00,/search,latency_p95_ms,134.958
2026-01-09T10:50:00,/checkout,latency_p95_ms,164.545
2026-01-09T10:55:00,/login,latency_p95_ms,104.469
2026-01-09T10:55:00,/search,latency_p95_ms,136.330
2026-01-09T10:55:00,/checkout,latency_p95_ms,168.467
2026-01-09T11:00:00,/login,latency_p95_ms,123.639
2026-01-09T11:00:00,/search,latency_p95_ms,149.294
2026-01-09T11:00:00,/checkout,latency_p95_ms,180.609
2026-01-09T11:05:00,/login,latency_p95_ms,132.346
2026-01-09T11:05:00,/search,latency_p95_ms,139.956
2026-01-09T11:05:00,/checkout,latency_p95_ms,177.514
2026-01-09T11:10:00,/login,latency_p95_ms,117.049
2026-01-09T11:10:00,/search,latency_p95_ms,146.831
2026-01-09T11:10:00,/checkout,latency_p95_ms,167.093
2026-01-09T11:15:00,/login,latency_p95_ms,130.556
2026-01-09T11:15:00,/search,latency_p95_ms,137.937
2026-01-09T11:15:00,/checkout,latency_p95_ms,170.586
2026-01-09T11:20:00,/login,latency_p95_ms,126.163
2026-01-09T11:20:00,/search,latency_p95_ms,153.463
2026-01-09T11:20:00,/checkout,latency_p95_ms,165.288
2026-01-09T11:25:00,/login,latency_p95_ms,129.999
2026-01-09T11:25:00,/search,latency_p95_ms,141.279
2026-01-09T11:25:00,/checkout,latency_p95_ms,176.148
2026-01-09T11:30:00,/login,latency_p95_ms,124.789
2026-01-09T11:30:00,/search,latency_p95_ms,135.771
2026-01-09T11:30:00,/checkout,latency_p95_ms,170.235
2026-01-09T11:35:00,/login,latency_p95_ms,123.406
2026-01-09T11:35:00,/search,latency_p95_ms,144.126
2026-01-09T11:35:00,/checkout,latency_p95_ms,161.081
2026-01-09T11:40:00,/login,latency_p95_ms,120.050
2026-01-09T11:40:00,/search,latency_p95_ms,135.434
2026-01-09T11:40:00,/checkout,latency_p95_ms,180.497
2026-01-09T11:45:00,/login,latency_p95_ms,112.945
2026-01-09T11:45:00,/search,latency_p95_ms,141.681
2026-01-09T11:45:00,/checkout,latency_p95_ms,176.130
2026-01-09T11:50:00,/login,latency_p95_ms,126.651
2026-01-09T11:50:00,/search,latency_p95_ms,152.733
2026-01-09T11:50:00,/checkout,latency_p95_ms,179.105
2026-01-09T11:55:00,/login,latency_p95_ms,119.474
2026-01-09T11:55:00,/search,latency_p95_ms,138.599
2026-01-09T11:55:00,/checkout,latency_p95_ms,173.725
2026-01-09T12:00:00,/login,latency_p95_ms,133.196
2026-01-09T12:00:00,/search,latency_p95_ms,149.210
2026-01-09T12:00:00,/checkout,latency_p95_ms,161.701
2026-01-09T12:05:00,/login,latency_p95_ms,136.739
2026-01-09T12:05:00,/search,latency_p95_ms,156.432
2026-01-09T12:05:00,/checkout,latency_p95_ms,160.838
2026-01-09T12:10:00,/login,latency_p95_ms,133.065
2026-01-09T12:10:00,/search,latency_p95_ms,140.298
2026-01-09T12:10:00,/checkout,latency_p95_ms,167.964
2026-01-09T12:15:00,/login,latency_p95_ms,117.839
2026-01-09T12:15:00,/search,latency_p95_ms,146.723
2026-01-09T12:15:00,/checkout,latency_p95_ms,165.159
2026-01-09T12:20:00,/login,latency_p95_ms,121.919
2026-01-09T12:20:00,/search,latency_p95_ms,157.620
2026-01-09T12:20:00,/checkout,latency_p95_ms,174.182
2026-01-09T12:25:00,/login,latency_p95_ms,131.855
2026-01-09T12:25:00,/search,latency_p95_ms,160.564
2026-01-09T12:25:00,/checkout,latency_p95_ms,168.844
2026-01-09T12:30:00,/login,latency_p95_ms,127.465
2026-01-09T12:30:00,/search,latency_p95_ms,156.131
2026-01-09T12:30:00,/checkout,latency_p95_ms,185.479
2026-01-09T12:35:00,/login,latency_p95_ms,134.018
2026-01-09T12:35:00,/search,latency_p95_ms,162.878
2026-01-09T12:35:00,/checkout,latency_p95_ms,179.977
2026-01-09T12:40:00,/login,latency_p95_ms,135.284
2026-01-09T12:40:00,/search,latency_p95_ms,137.548
2026-01-09T12:40:00,/checkout,latency_p95_ms,178.872
2026-01-09T12:45:00,/login,latency_p95_ms,128.529
2026-01-09T12:45:00,/search,latency_p95_ms,152.259
2026-01-09T12:45:00,/checkout,latency_p95_ms,167.607
2026-01-09T12:50:00,/login,latency_p95_ms,123.423
2026-01-09T12:50:00,/search,latency_p95_ms,155.155
2026-01-09T12:50:00,/checkout,latency_p95_ms,178.545
2026-01-09T12:55:00,/login,latency_p95_ms,114.843
2026-01-09T12:55:00,/search,latency_p95_ms,153.570
2026-01-09T12:55:00,/checkout,latency_p95_ms,167.340
2026-01-09T13:00:00,/login,latency_p95_ms,121.904
2026-01-09T13:00:00,/search,latency_p95_ms,157.652
2026-01-09T13:00:00,/checkout,latency_p95_ms,171.881
2026-01-09T13:05:00,/login,latency_p95_ms,124.238
2026-01-09T13:05:00,/search,latency_p95_ms,148.357
2026-01-09T13:05:00,/checkout,latency_p95_ms,176.761
2026-01-09T13:10:00,/login,latency_p95_ms,129.430
2026-01-09T13:10:00,/search,latency_p95_ms,145.778
2026-01-09T13:10:00,/checkout,latency_p95_ms,167.783
2026-01-09T13:15:00,/login,latency_p95_ms,128.051
2026-01-09T13:15:00,/search,latency_p95_ms,157.752
2026-01-09T13:15:00,/checkout,latency_p95_ms,166.113
2026-01-09T13:20:00,/login,latency_p95_ms,133.416
2026-01-09T13:20:00,/search,latency_p95_ms,147.919
2026-01-09T13:20:00,/checkout,latency_p95_ms,196.333
2026-01-09T13:25:00,/login,latency_p95_ms,121.983
2026-01-09T13:25:00,/search,latency_p95_ms,148.190
2026-01-09T13:25:00,/checkout,latency_p95_ms,176.063
2026-01-09T13:30:00,/login,latency_p95_ms,122.292
2026-01-09T13:30:00,/search,latency_p95_ms,161.132
2026-01-09T13:30:00,/checkout,latency_p95_ms,188.922
2026-01-09T13:35:00,/login,latency_p95_ms,126.410
2026-01-09T13:35:00,/search,latency_p95_ms,155.893
2026-01-09T13:35:00,/checkout,latency_p95_ms,170.369
2026-01-09T13:40:00,/login,latency_p95_ms,129.510
2026-01-09T13:40:00,/search,latency_p95_ms,165.965
2026-01-09T13:40:00,/checkout,latency_p95_ms,181.665
2026-01-09T13:45:00,/login,latency_p95_ms,122.277
2026-01-09T13:45:00,/search,latency_p95_ms,166.878
2026-01-09T13:45:00,/checkout,latency_p95_ms,183.807
2026-01-09T13:50:00,/login,latency_p95_ms,133.402
2026-01-09T13:50:00,/search,latency_p95_ms,149.237
2026-01-09T13:50:00,/checkout,latency_p95_ms,175.036
2026-01-09T13:55:00,/login,latency_p95_ms,123.147
2026-01-09T13:55:00,/search,latency_p95_ms,158.252
2026-01-09T13:55:00,/checkout,latency_p95_ms,171.979
2026-01-09T14:00:00,/login,latency_p95_ms,111.964
2026-01-09T14:00:00,/search,latency_p95_ms,162.254
2026-01-09T14:00:00,/checkout,latency_p95_ms,176.376
2026-01-09T14:05:00,/login,latency_p95_ms,138.472
2026-01-09T14:05:00,/search,latency_p95_ms,153.755
2026-01-09T14:05:00,/checkout,latency_p95_ms,176.352
2026-01-09T14:10:00,/login,latency_p95_ms,138.767
2026-01-09T14:10:00,/search,latency_p95_ms,157.947
2026-01-09T14:10:00,/checkout,latency_p95_ms,177.148
2026-01-09T14:15:00,/login,latency_p95_ms,155.559
2026-01-09T14:15:00,/search,latency_p95_ms,153.492
2026-01-09T14:15:00,/checkout,latency_p95_ms,176.198
2026-01-09T14:20:00,/login,latency_p95_ms,143.716
2026-01-09T14:20:00,/search,latency_p95_ms,148.404
2026-01-09T14:20:00,/checkout,latency_p95_ms,166.516
2026-01-09T14:25:00,/login,latency_p95_ms,118.388
2026-01-09T14:25:00,/search,latency_p95_ms,159.113
2026-01-09T14:25:00,/checkout,latency_p95_ms,179.849
2026-01-09T14:30:00,/login,latency_p95_ms,135.776
2026-01-09T14:30:00,/search,latency_p95_ms,144.016
2026-01-09T14:30:00,/checkout,latency_p95_ms,182.891
2026-01-09T14:35:00,/login,latency_p95_ms,139.422
2026-01-09T14:35:00,/search,latency_p95_ms,154.066
2026-01-09T14:35:00,/checkout,latency_p95_ms,175.105
2026-01-09T14:40:00,/login,latency_p95_ms,135.249
2026-01-09T14:40:00,/search,latency_p95_ms,157.781
2026-01-09T14:40:00,/checkout,latency_p95_ms,179.980
2026-01-09T14:45:00,/login,latency_p95_ms,121.155
2026-01-09T14:45:00,/search,latency_p95_ms,153.447
2026-01-09T14:45:00,/checkout,latency_p95_ms,165.144
2026-01-09T14:50:00,/login,latency_p95_ms,134.894
2026-01-09T14:50:00,/search,latency_p95_ms,159.086
2026-01-09T14:50:00,/checkout,latency_p95_ms,174.054
2026-01-09T14:55:00,/login,latency_p95_ms,132.219
2026-01-09T14:55:00,/search,latency_p95_ms,142.392
2026-01-09T14:55:00,/checkout,latency_p95_ms,181.708
2026-01-09T15:00:00,/login,latency_p95_ms,124.065
2026-01-09T15:00:00,/search,latency_p95_ms,153.835
2026-01-09T15:00:00,/checkout,latency_p95_ms,181.726
2026-01-09T15:05:00,/login,latency_p95_ms,121.751
2026-01-09T15:05:00,/search,latency_p95_ms,162.381
2026-01-09T15:05:00,/checkout,latency_p95_ms,173.796
2026-01-09T15:10:00,/login,latency_p95_ms,128.029
2026-01-09T15:10:00,/search,latency_p95_ms,157.251
2026-01-09T15:10:00,/checkout,latency_p95_ms,162.827
2026-01-09T15:15:00,/login,latency_p95_ms,132.556
2026-01-09T15:15:00,/search,latency_p95_ms,153.295
2026-01-09T15:15:00,/checkout,latency_p95_ms,181.093
2026-01-09T15:20:00,/login,latency_p95_ms,126.069
2026-01-09T15:20:00,/search,latency_p95_ms,149.897
2026-01-09T15:20:00,/checkout,latency_p95_ms,175.760
2026-01-09T15:25:00,/login,latency_p95_ms,127.328
2026-01-09T15:25:00,/search,latency_p95_ms,143.411
2026-01-09T15:25:00,/checkout,latency_p95_ms,171.251
2026-01-09T15:30:00,/login,latency_p95_ms,137.944
2026-01-09T15:30:00,/search,latency_p95_ms,152.058
2026-01-09T15:30:00,/checkout,latency_p95_ms,165.839
2026-01-09T15:35:00,/login,latency_p95_ms,133.531
2026-01-09T15:35:00,/search,latency_p95_ms,137.976
2026-01-09T15:35:00,/checkout,latency_p95_ms,155.841
2026-01-09T15:40:00,/login,latency_p95_ms,127.770
2026-01-09T15:40:00,/search,latency_p95_ms,154.250
2026-01-09T15:40:00,/checkout,latency_p95_ms,174.566
2026-01-09T15:45:00,/login,latency_p95_ms,120.661
2026-01-09T15:45:00,/search,latency_p95_ms,151.599
2026-01-09T15:45:00,/checkout,latency_p95_ms,161.613
2026-01-09T15:50:00,/login,latency_p95_ms,129.560
2026-01-09T15:50:00,/search,latency_p95_ms,139.881
2026-01-09T15:50:00,/checkout,latency_p95_ms,171.609
2026-01-09T15:55:00,/login,latency_p95_ms,129.896
2026-01-09T15:55:00,/search,latency_p95_ms,138.750
2026-01-09T15:55:00,/checkout,latency_p95_ms,168.623
2026-01-09T16:00:00,/login,latency_p95_ms,129.832
2026-01-09T16:00:00,/search,latency_p95_ms,160.918
2026-01-09T16:00:00,/checkout,latency_p95_ms,156.495
2026-01-09T16:05:00,/login,latency_p95_ms,126.246
2026-01-09T16:05:00,/search,latency_p95_ms,138.639
2026-01-09T16:05:00,/checkout,latency_p95_ms,157.764
2026-01-09T16:10:00,/login,latency_p95_ms,136.295
2026-01-09T16:10:00,/search,latency_p95_ms,153.872
2026-01-09T16:10:00,/checkout,latency_p95_ms,162.093
2026-01-09T16:15:00,/login,latency_p95_ms,125.279
2026-01-09T16:15:00,/search,latency_p95_ms,153.662
2026-01-09T16:15:00,/checkout,latency_p95_ms,169.977
2026-01-09T16:20:00,/login,latency_p95_ms,141.505
2026-01-09T16:20:00,/search,latency_p95_ms,153.373
2026-01-09T16:20:00,/checkout,latency_p95_ms,144.583
2026-01-09T16:25:00,/login,latency_p95_ms,121.205
2026-01-09T16:25:00,/search,latency_p95_ms,142.634
2026-01-09T16:25:00,/checkout,latency_p95_ms,166.893
2026-01-09T16:30:00,/login,latency_p95_ms,123.634
2026-01-09T16:30:00,/search,latency_p95_ms,143.317
2026-01-09T16:30:00,/checkout,latency_p95_ms,159.847
2026-01-09T16:35:00,/login,latency_p95_ms,134.434
2026-01-09T16:35:00,/search,latency_p95_ms,153.305
2026-01-09T16:35:00,/checkout,latency_p95_ms,163.161
2026-01-09T16:40:00,/login,latency_p95_ms,128.964
2026-01-09T16:40:00,/search,latency_p95_ms,153.928
2026-01-09T16:40:00,/checkout,latency_p95_ms,178.665
2026-01-09T16:45:00,/login,latency_p95_ms,115.084
2026-01-09T16:45:00,/search,latency_p95_ms,154.766
2026-01-09T16:45:00,/checkout,latency_p95_ms,163.664
2026-01-09T16:50:00,/login,latency_p95_ms,132.767
2026-01-09T16:50:00,/search,latency_p95_ms,146.987
2026-01-09T16:50:00,/checkout,latency_p95_ms,150.352
2026-01-09T16:55:00,/login,latency_p95_ms,123.809
2026-01-09T16:55:00,/search,latency_p95_ms,134.253
2026-01-09T16:55:00,/checkout,latency_p95_ms,166.789
2026-01-09T17:00:00,/login,latency_p95_ms,116.840
2026-01-09T17:00:00,/search,latency_p95_ms,139.095
2026-01-09T17:00:00,/checkout,latency_p95_ms,150.411
2026-01-09T17:05:00,/login,latency_p95_ms,108.380
2026-01-09T17:05:00,/search,latency_p95_ms,135.549
2026-01-09T17:05:00,/checkout,latency_p95_ms,160.321
2026-01-09T17:10:00,/login,latency_p95_ms,127.614
2026-01-09T17:10:00,/search,latency_p95_ms,147.979
2026-01-09T17:10:00,/checkout,latency_p95_ms,158.528
2026-01-09T17:15:00,/login,latency_p95_ms,127.497
2026-01-09T17:15:00,/search,latency_p95_ms,131.361
2026-01-09T17:15:00,/checkout,latency_p95_ms,167.786
2026-01-09T17:20:00,/login,latency_p95_ms,115.904
2026-01-09T17:20:00,/search,latency_p95_ms,144.196
2026-01-09T17:20:00,/checkout,latency_p95_ms,167.414
2026-01-09T17:25:00,/login,latency_p95_ms,111.869
2026-01-09T17:25:00,/search,latency_p95_ms,148.715
2026-01-09T17:25:00,/checkout,latency_p95_ms,162.231
2026-01-09T17:30:00,/login,latency_p95_ms,136.600
2026-01-09T17:30:00,/search,latency_p95_ms,139.872
2026-01-09T17:30:00,/checkout,latency_p95_ms,172.459
2026-01-09T17:35:00,/login,latency_p95_ms,122.483
2026-01-09T17:35:00,/search,latency_p95_ms,132.913
2026-01-09T17:35:00,/checkout,latency_p95_ms,173.191
2026-01-09T17:40:00,/login,latency_p95_ms,108.823
2026-01-09T17:40:00,/search,latency_p95_ms,124.450
2026-01-09T17:40:00,/checkout,latency_p95_ms,169.132
2026-01-09T17:45:00,/login,latency_p95_ms,125.857
2026-01-09T17:45:00,/search,latency_p95_ms,142.722
2026-01-09T17:45:00,/checkout,latency_p95_ms,160.218
2026-01-09T17:50:00,/login,latency_p95_ms,129.975
2026-01-09T17:50:00,/search,latency_p95_ms,148.001
2026-01-09T17:50:00,/checkout,latency_p95_ms,157.059
2026-01-09T17:55:00,/login,latency_p95_ms,123.158
2026-01-09T17:55:00,/search,latency_p95_ms,132.360
2026-01-09T17:55:00,/checkout,latency_p95_ms,157.834
2026-01-09T18:00:00,/login,latency_p95_ms,101.156
2026-01-09T18:00:00,/search,latency_p95_ms,116.965
2026-01-09T18:00:00,/checkout,latency_p95_ms,145.147
2026-01-09T18:05:00,/login,latency_p95_ms,119.344
2026-01-09T18:05:00,/search,latency_p95_ms,125.783
2026-01-09T18:05:00,/checkout,latency_p95_ms,150.165
2026-01-09T18:10:00,/login,latency_p95_ms,100.277
2026-01-09T18:10:00,/search,latency_p95_ms,141.490
2026-01-09T18:10:00,/checkout,latency_p95_ms,154.575
2026-01-09T18:15:00,/login,latency_p95_ms,113.491
2026-01-09T18:15:00,/search,latency_p95_ms,133.720
2026-01-09T18:15:00,/checkout,latency_p95_ms,145.197
2026-01-09T18:20:00,/login,latency_p95_ms,101.774
2026-01-09T18:20:00,/search,latency_p95_ms,141.263
2026-01-09T18:20:00,/checkout,latency_p95_ms,154.106
2026-01-09T18:25:00,/login,latency_p95_ms,115.760
2026-01-09T18:25:00,/search,latency_p95_ms,109.264
2026-01-09T18:25:00,/checkout,latency_p95_ms,163.446
2026-01-09T18:30:00,/login,latency_p95_ms,105.613
2026-01-09T18:30:00,/search,latency_p95_ms,151.948
2026-01-09T18:30:00,/checkout,latency_p95_ms,150.479
2026-01-09T18:35:00,/login,latency_p95_ms,109.791
2026-01-09T18:35:00,/search,latency_p95_ms,139.848
2026-01-09T18:35:00,/checkout,latency_p95_ms,147.559
2026-01-09T18:40:00,/login,latency_p95_ms,116.547
2026-01-09T18:40:00,/search,latency_p95_ms,129.403
2026-01-09T18:40:00,/checkout,latency_p95_ms,164.878
2026-01-09T18:45:00,/login,latency_p95_ms,115.911
2026-01-09T18:45:00,/search,latency_p95_ms,138.530
2026-01-09T18:45:00,/checkout,latency_p95_ms,148.772
2026-01-09T18:50:00,/login,latency_p95_ms,107.881
2026-01-09T18:50:00,/search,latency_p95_ms,136.964
2026-01-09T18:50:00,/checkout,latency_p95_ms,138.298
2026-01-09T18:55:00,/login,latency_p95_ms,105.151
2026-01-09T18:55:00,/search,latency_p95_ms,142.070
2026-01-09T18:55:00,/checkout,latency_p95_ms,144.420
2026-01-09T19:00:00,/login,latency_p95_ms,111.064
2026-01-09T19:00:00,/search,latency_p95_ms,120.805
2026-01-09T19:00:00,/checkout,latency_p95_ms,148.418
2026-01-09T19:05:00,/login,latency_p95_ms,91.651
2026-01-09T19:05:00,/search,latency_p95_ms,129.707
2026-01-09T19:05:00,/checkout,latency_p95_ms,149.534
2026-01-09T19:10:00,/login,latency_p95_ms,109.923
2026-01-09T19:10:00,/search,latency_p95_ms,136.664
2026-01-09T19:10:00,/checkout,latency_p95_ms,155.860
2026-01-09T19:15:00,/login,latency_p95_ms,102.503
2026-01-09T19:15:00,/search,latency_p95_ms,116.023
2026-01-09T19:15:00,/checkout,latency_p95_ms,156.422
2026-01-09T19:20:00,/login,latency_p95_ms,90.399
2026-01-09T19:20:00,/search,latency_p95_ms,122.322
2026-01-09T19:20:00,/checkout,latency_p95_ms,151.729
2026-01-09T19:25:00,/login,latency_p95_ms,104.380
2026-01-09T19:25:00,/search,latency_p95_ms,138.576
2026-01-09T19:25:00,/checkout,latency_p95_ms,145.799
2026-01-09T19:30:00,/login,latency_p95_ms,87.311
2026-01-09T19:30:00,/search,latency_p95_ms,123.630
2026-01-09T19:30:00,/checkout,latency_p95_ms,147.224
2026-01-09T19:35:00,/login,latency_p95_ms,98.027
2026-01-09T19:35:00,/search,latency_p95_ms,137.131
2026-01-09T19:35:00,/checkout,latency_p95_ms,143.851
2026-01-09T19:40:00,/login,latency_p95_ms,89.345
2026-01-09T19:40:00,/search,latency_p95_ms,129.566
2026-01-09T19:40:00,/checkout,latency_p95_ms,136.650
2026-01-09T19:45:00,/login,latency_p95_ms,114.431
2026-01-09T19:45:00,/search,latency_p95_ms,127.993
2026-01-09T19:45:00,/checkout,latency_p95_ms,134.606
2026-01-09T19:50:00,/login,latency_p95_ms,109.467
2026-01-09T19:50:00,/search,latency_p95_ms,144.786
2026-01-09T19:50:00,/checkout,latency_p95_ms,129.799
2026-01-09T19:55:00,/login,latency_p95_ms,108.056
2026-01-09T19:55:00,/search,latency_p95_ms,129.704
2026-01-09T19:55:00,/checkout,latency_p95_ms,147.237
2026-01-09T20:00:00,/login,latency_p95_ms,94.448
2026-01-09T20:00:00,/search,latency_p95_ms,120.636
2026-01-09T20:00:00,/checkout,latency_p95_ms,131.157
2026-01-09T20:05:00,/login,latency_p95_ms,102.989
2026-01-09T20:05:00,/search,latency_p95_ms,105.905
2026-01-09T20:05:00,/checkout,latency_p95_ms,152.370
2026-01-09T20:10:00,/login,latency_p95_ms,103.923
2026-01-09T20:10:00,/search,latency_p95_ms,107.212
2026-01-09T20:10:00,/checkout,latency_p95_ms,136.658
2026-01-09T20:15:00,/login,latency_p95_ms,103.060
2026-01-09T20:15:00,/search,latency_p95_ms,112.773
2026-01-09T20:15:00,/checkout,latency_p95_ms,135.402
2026-01-09T20:20:00,/login,latency_p95_ms,88.482
2026-01-09T20:20:00,/search,latency_p95_ms,126.041
2026-01-09T20:20:00,/checkout,latency_p95_ms,131.840
2026-01-09T20:25:00,/login,latency_p95_ms,91.622
2026-01-09T20:25:00,/search,latency_p95_ms,121.023
2026-01-09T20:25:00,/checkout,latency_p95_ms,135.040
2026-01-09T20:30:00,/login,latency_p95_ms,84.770
2026-01-09T20:30:00,/search,latency_p95_ms,105.969
2026-01-09T20:30:00,/checkout,latency_p95_ms,124.555
2026-01-09T20:35:00,/login,latency_p95_ms,82.263
2026-01-09T20:35:00,/search,latency_p95_ms,102.937
2026-01-09T20:35:00,/checkout,latency_p95_ms,130.886
2026-01-09T20:40:00,/login,latency_p95_ms,94.103
2026-01-09T20:40:00,/search,latency_p95_ms,117.134
2026-01-09T20:40:00,/checkout,latency_p95_ms,130.088
2026-01-09T20:45:00,/login,latency_p95_ms,83.557
2026-01-09T20:45:00,/search,latency_p95_ms,108.754
2026-01-09T20:45:00,/checkout,latency_p95_ms,125.598
2026-01-09T20:50:00,/login,latency_p95_ms,81.814
2026-01-09T20:50:00,/search,latency_p95_ms,122.416
2026-01-09T20:50:00,/checkout,latency_p95_ms,125.464
2026-01-09T20:55:00,/login,latency_p95_ms,91.840
2026-01-09T20:55:00,/search,latency_p95_ms,111.757
2026-01-09T20:55:00,/checkout,latency_p95_ms,156.125
2026-01-09T21:00:00,/login,latency_p95_ms,68.420
2026-01-09T21:00:00,/search,latency_p95_ms,109.342
2026-01-09T21:00:00,/checkout,latency_p95_ms,125.125
2026-01-09T21:05:00,/login,latency_p95_ms,76.626
2026-01-09T21:05:00,/search,latency_p95_ms,110.317
2026-01-09T21:05:00,/checkout,latency_p95_ms,129.040
2026-01-09T21:10:00,/login,latency_p95_ms,74.244
2026-01-09T21:10:00,/search,latency_p95_ms,111.205
2026-01-09T21:10:00,/checkout,latency_p95_ms,130.908
2026-01-09T21:15:00,/login,latency_p95_ms,93.271
2026-01-09T21:15:00,/search,latency_p95_ms,102.915
2026-01-09T21:15:00,/checkout,latency_p95_ms,139.559
2026-01-09T21:20:00,/login,latency_p95_ms,81.221
2026-01-09T21:20:00,/search,latency_p95_ms,91.987
2026-01-09T21:20:00,/checkout,latency_p95_ms,131.980
2026-01-09T21:25:00,/login,latency_p95_ms,82.142
2026-01-09T21:25:00,/search,latency_p95_ms,100.736
2026-01-09T21:25:00,/checkout,latency_p95_ms,135.261
2026-01-09T21:30:00,/login,latency_p95_ms,79.022
2026-01-09T21:30:00,/search,latency_p95_ms,115.930
2026-01-09T21:30:00,/checkout,latency_p95_ms,127.134
2026-01-09T21:35:00,/login,latency_p95_ms,88.798
2026-01-09T21:35:00,/search,latency_p95_ms,113.231
2026-01-09T21:35:00,/checkout,latency_p95_ms,131.580
2026-01-09T21:40:00,/login,latency_p95_ms,74.539
2026-01-09T21:40:00,/search,latency_p95_ms,115.153
2026-01-09T21:40:00,/checkout,latency_p95_ms,127.969
2026-01-09T21:45:00,/login,latency_p95_ms,98.813
2026-01-09T21:45:00,/search,latency_p95_ms,111.625
2026-01-09T21:45:00,/checkout,latency_p95_ms,133.804
2026-01-09T21:50:00,/login,latency_p95_ms,76.676
2026-01-09T21:50:00,/search,latency_p95_ms,104.546
2026-01-09T21:50:00,/checkout,latency_p95_ms,128.569
2026-01-09T21:55:00,/login,latency_p95_ms,73.431
2026-01-09T21:55:00,/search,latency_p95_ms,98.433
2026-01-09T21:55:00,/checkout,latency_p95_ms,126.926
2026-01-09T22:00:00,/login,latency_p95_ms,74.098
2026-01-09T22:00:00,/search,latency_p95_ms,101.338
2026-01-09T22:00:00,/checkout,latency_p95_ms,128.658
2026-01-09T22:05:00,/login,latency_p95_ms,71.518
2026-01-09T22:05:00,/search,latency_p95_ms,105.168
2026-01-09T22:05:00,/checkout,latency_p95_ms,118.564
2026-01-09T22:10:00,/login,latency_p95_ms,73.169
2026-01-09T22:10:00,/search,latency_p95_ms,101.778
2026-01-09T22:10:00,/checkout,latency_p95_ms,103.179
2026-01-09T22:15:00,/login,latency_p95_ms,75.252
2026-01-09T22:15:00,/search,latency_p95_ms,94.615
2026-01-09T22:15:00,/checkout,latency_p95_ms,112.282
2026-01-09T22:20:00,/login,latency_p95_ms,59.625
2026-01-09T22:20:00,/search,latency_p95_ms,96.178
2026-01-09T22:20:00,/checkout,latency_p95_ms,104.701
2026-01-09T22:25:00,/login,latency_p95_ms,81.682
2026-01-09T22:25:00,/search,latency_p95_ms,97.806
2026-01-09T22:25:00,/checkout,latency_p95_ms,106.264
2026-01-09T22:30:00,/login,latency_p95_ms,69.333
2026-01-09T22:30:00,/search,latency_p95_ms,105.761
2026-01-09T22:30:00,/checkout,latency_p95_ms,114.962
2026-01-09T22:35:00,/login,latency_p95_ms,72.471
2026-01-09T22:35:00,/search,latency_p95_ms,96.767
2026-01-09T22:35:00,/checkout,latency_p95_ms,118.695
2026-01-09T22:40:00,/login,latency_p95_ms,61.123
2026-01-09T22:40:00,/search,latency_p95_ms,99.357
2026-01-09T22:40:00,/checkout,latency_p95_ms,115.256
2026-01-09T22:45:00,/login,latency_p95_ms,98.351
2026-01-09T22:45:00,/search,latency_p95_ms,98.017
2026-01-09T22:45:00,/checkout,latency_p95_ms,116.076
2026-01-09T22:50:00,/login,latency_p95_ms,82.629
2026-01-09T22:50:00,/search,latency_p95_ms,98.473
2026-01-09T22:50:00,/checkout,latency_p95_ms,121.748
2026-01-09T22:55:00,/login,latency_p95_ms,67.728
2026-01-09T22:55:00,/search,latency_p95_ms,112.163
2026-01-09T22:55:00,/checkout,latency_p95_ms,114.700
2026-01-09T23:00:00,/login,latency_p95_ms,71.032
2026-01-09T23:00:00,/search,latency_p95_ms,102.088
2026-01-09T23:00:00,/checkout,latency_p95_ms,110.593
2026-01-09T23:05:00,/login,latency_p95_ms,68.028
2026-01-09T23:05:00,/search,latency_p95_ms,97.721
2026-01-09T23:05:00,/checkout,latency_p95_ms,118.490
2026-01-09T23:10:00,/login,latency_p95_ms,59.308
2026-01-09T23:10:00,/search,latency_p95_ms,94.481
2026-01-09T23:10:00,/checkout,latency_p95_ms,105.466
2026-01-09T23:15:00,/login,latency_p95_ms,62.066
2026-01-09T23:15:00,/search,latency_p95_ms,87.842
2026-01-09T23:15:00,/checkout,latency_p95_ms,122.757
2026-01-09T23:20:00,/login,latency_p95_ms,80.801
2026-01-09T23:20:00,/search,latency_p95_ms,113.872
2026-01-09T23:20:00,/checkout,latency_p95_ms,112.576
2026-01-09T23:25:00,/login,latency_p95_ms,61.297
2026-01-09T23:25:00,/search,latency_p95_ms,85.273
2026-01-09T23:25:00,/checkout,latency_p95_ms,125.889
2026-01-09T23:30:00,/login,latency_p95_ms,55.722
2026-01-09T23:30:00,/search,latency_p95_ms,90.493
2026-01-09T23:30:00,/checkout,latency_p95_ms,108.500
2026-01-09T23:35:00,/login,latency_p95_ms,82.029
2026-01-09T23:35:00,/search,latency_p95_ms,84.922
2026-01-09T23:35:00,/checkout,latency_p95_ms,121.842
2026-01-09T23:40:00,/login,latency_p95_ms,78.536
2026-01-09T23:40:00,/search,latency_p95_ms,91.695
2026-01-09T23:40:00,/checkout,latency_p95_ms,116.753
2026-01-09T23:45:00,/login,latency_p95_ms,55.719
2026-01-09T23:45:00,/search,latency_p95_ms,92.323
2026-01-09T23:45:00,/checkout,latency_p95_ms,111.309
2026-01-09T23:50:00,/login,latency_p95_ms,47.392
2026-01-09T23:50:00,/search,latency_p95_ms,96.352
2026-01-09T23:50:00,/checkout,latency_p95_ms,115.870
2026-01-09T23:55:00,/login,latency_p95_ms,54.482
2026-01-09T23:55:00,/search,latency_p95_ms,81.731
2026-01-09T23:55:00,/checkout,latency_p95_ms,107.034
